predicate,object
http://schema.org/alternateName,BE
http://schema.org/alternateName,BE
http://schema.org/alternateName,BE
http://schema.org/alternateName,BE
http://schema.org/alternateName,Belgie
http://schema.org/alternateName,BEL
http://schema.org/alternateName,BEL
http://schema.org/alternateName,BEL
http://schema.org/alternateName,Belgique
http://schema.org/alternateName,Belgi√´
http://schema.org/alternateName,BE
http://schema.org/alternateName,Belgien
http://schema.org/alternateName,∆Üman Belgium
http://schema.org/alternateName,üáßüá™
http://schema.org/alternateName,–ë–µ–ª–≥–µ–Ω
http://schema.org/alternateName,B√©lgia
http://schema.org/alternateName,Bejgien
http://schema.org/alternateName,–ë—ç–ª—å“ë—ñ—è
http://schema.org/alternateName,–ö—Ä–∞–ª—Å—Ç–≤–æ –ë–µ–ª–≥–∏—è
http://schema.org/alternateName,‡§¨‡•á‡§≤‡§ú‡§ø‡§Ø‡§Æ
http://schema.org/alternateName,‡§¨‡•á‡§≤‡•ç‡§ú‡§ø‡§Ø‡§Æ ‡§∞‡§æ‡§ú
http://schema.org/alternateName,‡§¨‡•á‡§≤‡•ç‡§ú‡•Ä‡§Ø‡§Æ
http://schema.org/alternateName,Beljiom
http://schema.org/alternateName,‡¶¨‡ßá‡¶≤‡¶ú‡¶ø‡¶Ø‡¶º‡¶æ‡¶Æ ‡¶∞‡¶æ‡¶ú‡ßç‡¶Ø
http://schema.org/alternateName,·®Ö·®ô·®í·®Å·®ó·®ï
http://schema.org/alternateName,B√©lgica
http://schema.org/alternateName,Belgi√´
http://schema.org/alternateName,Estat belga
http://schema.org/alternateName,Regne de B√®lgica
http://schema.org/alternateName,ÿ®€ïŸÑ⁄ò€å⁄©
http://schema.org/alternateName,ÿ®€ïŸÑ⁄ò€å⁄©ÿß
http://schema.org/alternateName,Belgica
http://schema.org/alternateName,Belgiu
http://schema.org/alternateName,Regnu di u Belghju
http://schema.org/alternateName,Regnu di u Belgiu
http://schema.org/alternateName,Belgi√´
http://schema.org/alternateName,Belgique
http://schema.org/alternateName,Kongeriget Belgien
http://schema.org/alternateName,Koninkrijk Belgi√´
http://schema.org/alternateName,Royaume de Belgique
http://schema.org/alternateName,üáßüá™
http://schema.org/alternateName,K√∂nigreich Belgien
http://schema.org/alternateName,ŒíŒ±œÉŒØŒªŒµŒπŒø œÑŒøœÖ ŒíŒµŒªŒ≥ŒØŒøœÖ
http://schema.org/alternateName,be
http://schema.org/alternateName,üáßüá™
http://schema.org/alternateName,Kingdom of Belgium
http://schema.org/alternateName,K√∂nigreich Belgien
http://schema.org/alternateName,Koninkrijk Belgi√´
http://schema.org/alternateName,Royaume de Belgique
http://schema.org/alternateName,Southern Netherlands
http://schema.org/alternateName,be
http://schema.org/alternateName,BE
http://schema.org/alternateName,üáßüá™
http://schema.org/alternateName,BEL
http://schema.org/alternateName,Belgi√´
http://schema.org/alternateName,Belgien
http://schema.org/alternateName,Belgique
http://schema.org/alternateName,Kingdom of Belgium
http://schema.org/alternateName,K√∂nigreich Belgien
http://schema.org/alternateName,Koninkrijk Belgi√´
http://schema.org/alternateName,Royaume de Belgique
http://schema.org/alternateName,Belgica
http://schema.org/alternateName,Reino de Belgica
http://schema.org/alternateName,Reino de B√©lgica
http://schema.org/alternateName,ÿ®ŸÑÿ¨€åŸÖ
http://schema.org/alternateName,Belgian kuningaskunta
http://schema.org/alternateName,be
http://schema.org/alternateName,üáßüá™
http://schema.org/alternateName,Belg.
http://schema.org/alternateName,Royaume de Belgique
http://schema.org/alternateName,B√®lgica
http://schema.org/alternateName,Belgien/fe
http://schema.org/alternateName,ŒíŒµŒªŒ≥ŒπŒ∫ŒÆ
http://schema.org/alternateName,Belgien
http://schema.org/alternateName,üáßüá™
http://schema.org/alternateName,‡§¨‡•á‡§≤‡•ç‡§ú‡§ø‡§Ø‡§Æ ‡§¨‡§æ‡§¶‡§∂‡§æ‡§π‡§§
http://schema.org/alternateName,Kraljevina Belgija
http://schema.org/alternateName,‘≤’•’¨’£’´’°’µ’´ ‘π’°’£’°’æ’∏÷Ä’∏÷Ç’©’µ’∏÷Ç’∂
http://schema.org/alternateName,Regno del Belgio
http://schema.org/alternateName,EU„ÅÆÈ¶ñÈÉΩ
http://schema.org/alternateName,„Éô„É´„ÇÆ„ÉºÁéãÂõΩ
http://schema.org/alternateName,B√®lgi
http://schema.org/alternateName,Kraton B√©lgi√©
http://schema.org/alternateName,–ë–µ–ª–≥–∏—ç
http://schema.org/alternateName,·ûî·üÇ·ûõ·û†·üí·ûü·û∑·ûÄ
http://schema.org/alternateName,·ûî·üÇ·ûõ·û†·üí·ûü·üä·û∑·ûÄ
http://schema.org/alternateName,Î≤®Í∏∞Ïóê ÏôïÍµ≠
http://schema.org/alternateName,Î≤®Í∏∞ÏóêÏôïÍµ≠
http://schema.org/alternateName,Beljie
http://schema.org/alternateName,Belgiya
http://schema.org/alternateName,Belgia
http://schema.org/alternateName,Belgium
http://schema.org/alternateName,Belgio
http://schema.org/alternateName,–û—Ü—è–∑–æ—Ä–∫—Å—à–∏—Å—å –ë–µ–ª—å–≥–∏—è
http://schema.org/alternateName,–ö—Ä–∞–ª—Å—Ç–≤–æ –ë–µ–ª–≥–∏—ò–∞
http://schema.org/alternateName,üáßüá™
http://schema.org/alternateName,Renju tal-Belƒ°ju
http://schema.org/alternateName,ÿ®ŸÑÿ¨€å⁄©
http://schema.org/alternateName,Belgie
http://schema.org/alternateName,Belgi√´
http://schema.org/alternateName,Belgien
http://schema.org/alternateName,Belgium
http://schema.org/alternateName,P√≠-lƒ´-s√Æ
http://schema.org/alternateName,TƒÅi-p√≠-kok
http://schema.org/alternateName,Kongeriket Belgia
http://schema.org/alternateName,Belgie
http://schema.org/alternateName,üáßüá™
http://schema.org/alternateName,be
http://schema.org/alternateName,üáßüá™
http://schema.org/alternateName,Belgenland
http://schema.org/alternateName,Koninkrijk Belgi√´
http://schema.org/alternateName,‡®¨‡©à‡®≤‡®ú‡©Ä‡®Ö‡®Æ ‡®¶‡®æ ‡®∞‡®æ‡®ú
http://schema.org/alternateName,Belgika
http://schema.org/alternateName,Belgium
http://schema.org/alternateName,Belika
http://schema.org/alternateName,Belgien
http://schema.org/alternateName,Kr√≥lestwo Belgii
http://schema.org/alternateName,ÿ®€åŸÑÿ¨€åŸÖ
http://schema.org/alternateName,ÿ®€êŸÑÿ¨€åŸÖ
http://schema.org/alternateName,Reino da B√©lgica
http://schema.org/alternateName,Belge
http://schema.org/alternateName,Belgio
http://schema.org/alternateName,Belgique
http://schema.org/alternateName,–ö–æ—Ä–æ–ª–µ–≤—Å—Ç–≤–æ –ë–µ–ª—å–≥–∏—è
http://schema.org/alternateName,üáßüá™
http://schema.org/alternateName,·±µ·±Æ·±û·±°·±§·±≠·±ü·±¢
http://schema.org/alternateName,Belgia gonagasriika
http://schema.org/alternateName,Belgick√© kr√°ƒæovstvo
http://schema.org/alternateName,Belgia kun√¢g√¢skodde
http://schema.org/alternateName,Belgia koon«•√µsk√• πdd
http://schema.org/alternateName,Kr≈çlestwo Belgije
http://schema.org/alternateName,‡Æ™‡ØÜ‡Æ≤‡Øç‡Æö‡Æø‡ÆØ‡ÆÆ‡Øç
http://schema.org/alternateName,‡Æ™‡ØÜ‡Æ≤‡Øç‡Æú‡Æø‡ÆØ ‡Æ™‡Øá‡Æ∞‡Æ∞‡Æö‡ØÅ
http://schema.org/alternateName,Belgium
http://schema.org/alternateName,‡πÄ‡∏ö‡∏•‡πÄ‡∏¢‡∏µ‡∏¢‡∏°
http://schema.org/alternateName,‡πÄ‡∏ö‡∏•‡πÄ‡∏¢‡∏µ‡πà‡∏¢‡∏°
http://schema.org/alternateName,‡∏õ‡∏£‡∏∞‡πÄ‡∏ó‡∏®‡πÄ‡∏ö‡∏•‡πÄ‡∏¢‡∏µ‡πà‡∏¢‡∏°
http://schema.org/alternateName,‡∏£‡∏≤‡∏ä‡∏≠‡∏≤‡∏ì‡∏≤‡∏à‡∏±‡∏Å‡∏£‡πÄ‡∏ö‡∏•‡πÄ‡∏¢‡∏µ‡∏¢‡∏°
http://schema.org/alternateName,‡∏£‡∏≤‡∏ä‡∏≠‡∏≤‡∏ì‡∏≤‡∏à‡∏±‡∏Å‡∏£‡πÄ‡∏ö‡∏•‡πÄ‡∏¢‡∏µ‡πà‡∏¢‡∏°
http://schema.org/alternateName,Belhika
http://schema.org/alternateName,Bel√ßika Krallƒ±ƒüƒ±
http://schema.org/alternateName,B…õlgyiom
http://schema.org/alternateName,–ö–æ—Ä–æ–ª—ñ–≤—Å—Ç–≤–æ –ë–µ–ª—å–≥—ñ—è
http://schema.org/alternateName,ÿ®ŸÑÿ¨ÿ¶€åŸÖ
http://schema.org/alternateName,ÿ®€åŸÑÿ¨€åŸÖ
http://schema.org/alternateName,ŸÖŸÖŸÑ⁄©ÿ™ ÿ®€åŸÑÿ¨€åÿ¶ŸÖ
http://schema.org/alternateName,BE
http://schema.org/alternateName,BEL
http://schema.org/alternateName,B√®lzega
http://schema.org/alternateName,V∆∞∆°ng qu·ªëc B·ªâ
http://schema.org/alternateName,BE
http://schema.org/alternateName,Belgi√´
http://schema.org/alternateName,Belgien
http://schema.org/alternateName,Belgique
http://schema.org/alternateName,Belgium
http://schema.org/alternateName,K√∂nigreich Belgien
http://schema.org/alternateName,Koninkrijk Belgi√´
http://schema.org/alternateName,Royaume de Belgique
http://schema.org/alternateName,Belgi√´
http://schema.org/alternateName,ÊØîÂà©Êó∂
http://schema.org/alternateName,ÊØîÂà©Êó∂ÁéãÂõΩ
http://schema.org/alternateName,ÊØîÂà©ÊôÇÁéãÂúã
http://schema.org/alternateName,ÊØîÂà©Êó∂ÁéãÂõΩ
http://schema.org/alternateName,ÊØîÂà©Êó∂ÁéãÂõΩ
http://schema.org/alternateName,ÊØîÂà©ÊôÇÁéãÂúã
http://schema.org/alternateName,ÊØîÂà©ÊôÇÁéãÂúã
http://schema.org/alternateName,ÊØîÂà©ÊôÇÁéãÂúã
http://schema.org/alternateName,ÊØîÂà©Êó∂ÁéãÂõΩ
http://schema.org/alternateName,ÊØîÂà©Êó∂ÁéãÂõΩ
http://schema.org/alternateName,ÊØîÂà©ÊôÇÁéãÂúã
http://schema.org/dateCreated,1830-10-04T00:00:00.000Z
http://schema.org/geo,Point(4.6680555555556 50.641111111111)
http://schema.org/image,http://commons.wikimedia.org/wiki/Special:FilePath/Belgique%20-%20Bruxelles%20-%20Grand-Place%20-%20C%C3%B4t%C3%A9%20nord-est.jpg
http://schema.org/mainEntityOfPage,https://ab.wikipedia.org/wiki/%D0%91%D0%B5%D0%BB%D1%8C%D0%B3%D0%B8%D0%B0
http://schema.org/mainEntityOfPage,https://ace.wikipedia.org/wiki/B%C3%A8lgia
http://schema.org/mainEntityOfPage,https://ady.wikipedia.org/wiki/%D0%91%D0%B5%D0%BB%D0%B3%D0%B8%D0%B5
http://schema.org/mainEntityOfPage,https://af.wikipedia.org/wiki/Belgi%C3%AB
http://schema.org/mainEntityOfPage,https://ak.wikipedia.org/wiki/Belgium
http://schema.org/mainEntityOfPage,https://als.wikipedia.org/wiki/Belgien
http://schema.org/mainEntityOfPage,https://am.wikipedia.org/wiki/%E1%89%A4%E1%88%8D%E1%8C%85%E1%8C%8D
http://schema.org/mainEntityOfPage,https://ami.wikipedia.org/wiki/Belguim
http://schema.org/mainEntityOfPage,https://an.wikipedia.org/wiki/Belchica
http://schema.org/mainEntityOfPage,https://ang.wikipedia.org/wiki/Belgice
http://schema.org/mainEntityOfPage,https://anp.wikipedia.org/wiki/%E0%A4%AC%E0%A5%87%E0%A4%B2%E0%A5%8D%E0%A4%9C%E0%A4%BF%E0%A4%AF%E0%A4%AE
http://schema.org/mainEntityOfPage,https://ar.wikinews.org/wiki/%D8%AA%D8%B5%D9%86%D9%8A%D9%81:%D8%A8%D9%84%D8%AC%D9%8A%D9%83%D8%A7
http://schema.org/mainEntityOfPage,https://ar.wikipedia.org/wiki/%D8%A8%D9%84%D8%AC%D9%8A%D9%83%D8%A7
http://schema.org/mainEntityOfPage,https://ar.wikiquote.org/wiki/%D8%A8%D9%84%D8%AC%D9%8A%D9%83%D8%A7
http://schema.org/mainEntityOfPage,https://arc.wikipedia.org/wiki/%DC%92%DC%A0%DC%93%DC%9D%DC%A9%DC%90
http://schema.org/mainEntityOfPage,https://ary.wikipedia.org/wiki/%D8%A8%D9%84%D8%AC%D9%8A%D9%83%D8%A7
http://schema.org/mainEntityOfPage,https://arz.wikipedia.org/wiki/%D8%A8%D9%84%D8%AC%D9%8A%D9%83%D8%A7
http://schema.org/mainEntityOfPage,https://ast.wikipedia.org/wiki/B%C3%A9lxica
http://schema.org/mainEntityOfPage,https://av.wikipedia.org/wiki/%D0%91%D0%B5%D0%BB%D0%B3%D0%B5%D0%BD
http://schema.org/mainEntityOfPage,https://avk.wikipedia.org/wiki/Belga
http://schema.org/mainEntityOfPage,https://awa.wikipedia.org/wiki/%E0%A4%AC%E0%A5%87%E0%A4%B2%E0%A5%8D%E0%A4%9C%E0%A4%BF%E0%A4%AF%E0%A4%AE
http://schema.org/mainEntityOfPage,https://ay.wikipedia.org/wiki/Bilkiya
http://schema.org/mainEntityOfPage,https://az.wikipedia.org/wiki/Bel%C3%A7ika
http://schema.org/mainEntityOfPage,https://azb.wikipedia.org/wiki/%D8%A8%D9%84%DA%98%DB%8C%DA%A9
http://schema.org/mainEntityOfPage,https://ba.wikipedia.org/wiki/%D0%91%D0%B5%D0%BB%D1%8C%D0%B3%D0%B8%D1%8F
http://schema.org/mainEntityOfPage,https://ban.wikipedia.org/wiki/B%C3%A9lgia
http://schema.org/mainEntityOfPage,https://bar.wikipedia.org/wiki/Bejgien
http://schema.org/mainEntityOfPage,https://bat-smg.wikipedia.org/wiki/Belg%C4%97j%C4%97
http://schema.org/mainEntityOfPage,https://bcl.wikipedia.org/wiki/Belhika
http://schema.org/mainEntityOfPage,https://be-tarask.wikipedia.org/wiki/%D0%91%D1%8D%D0%BB%D1%8C%D0%B3%D1%96%D1%8F
http://schema.org/mainEntityOfPage,https://be.wikipedia.org/wiki/%D0%91%D0%B5%D0%BB%D1%8C%D0%B3%D1%96%D1%8F
http://schema.org/mainEntityOfPage,https://bg.wikipedia.org/wiki/%D0%91%D0%B5%D0%BB%D0%B3%D0%B8%D1%8F
http://schema.org/mainEntityOfPage,https://bh.wikipedia.org/wiki/%E0%A4%AC%E0%A5%87%E0%A4%B2%E0%A5%8D%E0%A4%9C%E0%A4%BF%E0%A4%AF%E0%A4%AE
http://schema.org/mainEntityOfPage,https://bi.wikipedia.org/wiki/Beljiom
http://schema.org/mainEntityOfPage,https://bm.wikipedia.org/wiki/B%C9%9Bliziki
http://schema.org/mainEntityOfPage,https://bn.wikipedia.org/wiki/%E0%A6%AC%E0%A7%87%E0%A6%B2%E0%A6%9C%E0%A6%BF%E0%A6%AF%E0%A6%BC%E0%A6%BE%E0%A6%AE
http://schema.org/mainEntityOfPage,https://bo.wikipedia.org/wiki/%E0%BD%94%E0%BD%BA%E0%BD%A2%E0%BC%8B%E0%BD%85%E0%BD%B2%E0%BD%93%E0%BC%8D
http://schema.org/mainEntityOfPage,https://bpy.wikipedia.org/wiki/%E0%A6%AC%E0%A7%87%E0%A6%B2%E0%A6%9C%E0%A6%BF%E0%A6%AF%E0%A6%BC%E0%A6%BE%E0%A6%AE
http://schema.org/mainEntityOfPage,https://br.wikipedia.org/wiki/Belgia
http://schema.org/mainEntityOfPage,https://bs.wikinews.org/wiki/Kategorija:Belgija
http://schema.org/mainEntityOfPage,https://bs.wikipedia.org/wiki/Belgija
http://schema.org/mainEntityOfPage,https://bug.wikipedia.org/wiki/%E1%A8%85%E1%A8%99%E1%A8%92%E1%A8%81%E1%A8%97%E1%A8%95
http://schema.org/mainEntityOfPage,https://bxr.wikipedia.org/wiki/%D0%91%D0%B5%D0%BB%D1%8C%D0%B3%D0%B8
http://schema.org/mainEntityOfPage,https://ca.wikinews.org/wiki/Categoria:B%C3%A8lgica
http://schema.org/mainEntityOfPage,https://ca.wikipedia.org/wiki/B%C3%A8lgica
http://schema.org/mainEntityOfPage,https://cbk-zam.wikipedia.org/wiki/B%C3%A9lgica
http://schema.org/mainEntityOfPage,https://cdo.wikipedia.org/wiki/B%C4%AB-l%C3%A9-s%C3%AC
http://schema.org/mainEntityOfPage,https://ce.wikipedia.org/wiki/%D0%91%D0%B5%D0%BB%D1%8C%D0%B3%D0%B8
http://schema.org/mainEntityOfPage,https://ceb.wikipedia.org/wiki/Belhika
http://schema.org/mainEntityOfPage,https://ch.wikipedia.org/wiki/Belgika
http://schema.org/mainEntityOfPage,https://chr.wikipedia.org/wiki/%E1%8F%87%E1%8E%B5%E1%8F%A5%E1%8E%A5%E1%8E%BB
http://schema.org/mainEntityOfPage,https://ckb.wikipedia.org/wiki/%D8%A8%DB%95%D9%84%D8%AC%DB%8C%DA%A9%D8%A7
http://schema.org/mainEntityOfPage,https://co.wikipedia.org/wiki/Belghju
http://schema.org/mainEntityOfPage,https://commons.wikimedia.org/wiki/Belgi%C3%AB_-_Belgique_-_Belgien
http://schema.org/mainEntityOfPage,https://crh.wikipedia.org/wiki/Bel%C3%A7ika
http://schema.org/mainEntityOfPage,https://cs.wikinews.org/wiki/Kategorie:Belgie
http://schema.org/mainEntityOfPage,https://cs.wikipedia.org/wiki/Belgie
http://schema.org/mainEntityOfPage,https://csb.wikipedia.org/wiki/Belgijsk%C3%B4
http://schema.org/mainEntityOfPage,https://cu.wikipedia.org/wiki/%D0%91%D1%94%D0%BB%D0%B3%D1%97%D1%A5
http://schema.org/mainEntityOfPage,https://cv.wikipedia.org/wiki/%D0%91%D0%B5%D0%BB%D1%8C%D0%B3%D0%B8
http://schema.org/mainEntityOfPage,https://cy.wikipedia.org/wiki/Gwlad_Belg
http://schema.org/mainEntityOfPage,https://da.wikipedia.org/wiki/Belgien
http://schema.org/mainEntityOfPage,https://de.wikinews.org/wiki/Kategorie:Belgien
http://schema.org/mainEntityOfPage,https://de.wikipedia.org/wiki/Belgien
http://schema.org/mainEntityOfPage,https://de.wikivoyage.org/wiki/Belgien
http://schema.org/mainEntityOfPage,https://diq.wikipedia.org/wiki/Bel%C3%A7%C4%B1ka
http://schema.org/mainEntityOfPage,https://dsb.wikipedia.org/wiki/Belgiska
http://schema.org/mainEntityOfPage,https://dty.wikipedia.org/wiki/%E0%A4%AC%E0%A5%87%E0%A4%B2%E0%A5%8D%E0%A4%9C%E0%A4%BF%E0%A4%AF%E0%A4%AE
http://schema.org/mainEntityOfPage,https://dv.wikipedia.org/wiki/%DE%84%DE%AC%DE%8D%DE%B0%DE%96%DE%A8%DE%87%DE%A6%DE%89%DE%B0
http://schema.org/mainEntityOfPage,https://dz.wikipedia.org/wiki/%E0%BD%96%E0%BD%BA%E0%BD%A3%E0%BC%8B%E0%BD%87%E0%BD%B2%E0%BD%A1%E0%BD%98
http://schema.org/mainEntityOfPage,https://ee.wikipedia.org/wiki/Belgium
http://schema.org/mainEntityOfPage,https://el.wikinews.org/wiki/%CE%9A%CE%B1%CF%84%CE%B7%CE%B3%CE%BF%CF%81%CE%AF%CE%B1:%CE%92%CE%AD%CE%BB%CE%B3%CE%B9%CE%BF
http://schema.org/mainEntityOfPage,https://el.wikipedia.org/wiki/%CE%92%CE%AD%CE%BB%CE%B3%CE%B9%CE%BF
http://schema.org/mainEntityOfPage,https://el.wikivoyage.org/wiki/%CE%92%CE%AD%CE%BB%CE%B3%CE%B9%CE%BF
http://schema.org/mainEntityOfPage,https://eml.wikipedia.org/wiki/B%C3%A9lgi
http://schema.org/mainEntityOfPage,https://en.wikinews.org/wiki/Category:Belgium
http://schema.org/mainEntityOfPage,https://en.wikipedia.org/wiki/Belgium
http://schema.org/mainEntityOfPage,https://en.wikiquote.org/wiki/Belgium
http://schema.org/mainEntityOfPage,https://en.wikivoyage.org/wiki/Belgium
http://schema.org/mainEntityOfPage,https://eo.wikinews.org/wiki/Kategorio:Belgujo
http://schema.org/mainEntityOfPage,https://eo.wikipedia.org/wiki/Belgio
http://schema.org/mainEntityOfPage,https://eo.wikiquote.org/wiki/Belgio
http://schema.org/mainEntityOfPage,https://eo.wikivoyage.org/wiki/Belgio
http://schema.org/mainEntityOfPage,https://es.wikinews.org/wiki/Categor%C3%ADa:B%C3%A9lgica
http://schema.org/mainEntityOfPage,https://es.wikipedia.org/wiki/B%C3%A9lgica
http://schema.org/mainEntityOfPage,https://es.wikiquote.org/wiki/B%C3%A9lgica
http://schema.org/mainEntityOfPage,https://es.wikivoyage.org/wiki/B%C3%A9lgica
http://schema.org/mainEntityOfPage,https://et.wikipedia.org/wiki/Belgia
http://schema.org/mainEntityOfPage,https://et.wikiquote.org/wiki/Belgia
http://schema.org/mainEntityOfPage,https://eu.wikipedia.org/wiki/Belgika
http://schema.org/mainEntityOfPage,https://ext.wikipedia.org/wiki/B%C3%A9lgica
http://schema.org/mainEntityOfPage,https://fa.wikinews.org/wiki/%D8%B1%D8%AF%D9%87:%D8%A8%D9%84%DA%98%DB%8C%DA%A9
http://schema.org/mainEntityOfPage,https://fa.wikipedia.org/wiki/%D8%A8%D9%84%DA%98%DB%8C%DA%A9
http://schema.org/mainEntityOfPage,https://fa.wikiquote.org/wiki/%D8%A8%D9%84%DA%98%DB%8C%DA%A9
http://schema.org/mainEntityOfPage,https://fa.wikivoyage.org/wiki/%D8%A8%D9%84%DA%98%DB%8C%DA%A9
http://schema.org/mainEntityOfPage,https://ff.wikipedia.org/wiki/Beljik
http://schema.org/mainEntityOfPage,https://fi.wikinews.org/wiki/Luokka:Belgia
http://schema.org/mainEntityOfPage,https://fi.wikipedia.org/wiki/Belgia
http://schema.org/mainEntityOfPage,https://fi.wikivoyage.org/wiki/Belgia
http://schema.org/mainEntityOfPage,https://fiu-vro.wikipedia.org/wiki/Belgi%C3%A4
http://schema.org/mainEntityOfPage,https://fo.wikipedia.org/wiki/Belgia
http://schema.org/mainEntityOfPage,https://fr.wikinews.org/wiki/Cat%C3%A9gorie:Belgique
http://schema.org/mainEntityOfPage,https://fr.wikipedia.org/wiki/Belgique
http://schema.org/mainEntityOfPage,https://fr.wikiquote.org/wiki/Belgique
http://schema.org/mainEntityOfPage,https://fr.wikivoyage.org/wiki/Belgique
http://schema.org/mainEntityOfPage,https://frp.wikipedia.org/wiki/B%C3%A8lgica
http://schema.org/mainEntityOfPage,https://frr.wikipedia.org/wiki/Belgien/fe
http://schema.org/mainEntityOfPage,https://fur.wikipedia.org/wiki/Belgjo
http://schema.org/mainEntityOfPage,https://fy.wikipedia.org/wiki/Belgje
http://schema.org/mainEntityOfPage,https://ga.wikipedia.org/wiki/An_Bheilg
http://schema.org/mainEntityOfPage,https://gag.wikipedia.org/wiki/Belgiya
http://schema.org/mainEntityOfPage,https://gcr.wikipedia.org/wiki/B%C3%A8ljik
http://schema.org/mainEntityOfPage,https://gd.wikipedia.org/wiki/A%27_Bheilg
http://schema.org/mainEntityOfPage,https://gl.wikipedia.org/wiki/B%C3%A9lxica
http://schema.org/mainEntityOfPage,https://gn.wikipedia.org/wiki/V%C3%A9yhika
http://schema.org/mainEntityOfPage,https://gom.wikipedia.org/wiki/%E0%A4%AC%E0%A5%87%E0%A4%B2%E0%A5%8D%E0%A4%9C%E0%A4%BF%E0%A4%AF%E0%A4%AE
http://schema.org/mainEntityOfPage,https://got.wikipedia.org/wiki/%F0%90%8C%B1%F0%90%8C%B0%F0%90%8C%B9%F0%90%8C%BB%F0%90%8C%B2%F0%90%8C%B0%F0%90%8C%BB%F0%90%8C%B0%F0%90%8C%BD%F0%90%8C%B3
http://schema.org/mainEntityOfPage,https://gu.wikipedia.org/wiki/%E0%AA%AC%E0%AB%87%E0%AA%B2%E0%AB%8D%E0%AA%9C%E0%AA%BF%E0%AA%AF%E0%AA%AE
http://schema.org/mainEntityOfPage,https://gv.wikipedia.org/wiki/Yn_Velg
http://schema.org/mainEntityOfPage,https://ha.wikipedia.org/wiki/Beljik
http://schema.org/mainEntityOfPage,https://hak.wikipedia.org/wiki/P%C3%AD-li-s%E1%B9%B3%CC%80
http://schema.org/mainEntityOfPage,https://haw.wikipedia.org/wiki/Pelekiuma
http://schema.org/mainEntityOfPage,https://he.wikinews.org/wiki/%D7%A7%D7%98%D7%92%D7%95%D7%A8%D7%99%D7%94:%D7%91%D7%9C%D7%92%D7%99%D7%94
http://schema.org/mainEntityOfPage,https://he.wikipedia.org/wiki/%D7%91%D7%9C%D7%92%D7%99%D7%94
http://schema.org/mainEntityOfPage,https://he.wikiquote.org/wiki/%D7%91%D7%9C%D7%92%D7%99%D7%94
http://schema.org/mainEntityOfPage,https://he.wikivoyage.org/wiki/%D7%91%D7%9C%D7%92%D7%99%D7%94
http://schema.org/mainEntityOfPage,https://hi.wikipedia.org/wiki/%E0%A4%AC%E0%A5%87%E0%A4%B2%E0%A5%8D%E0%A4%9C%E0%A4%BF%E0%A4%AF%E0%A4%AE
http://schema.org/mainEntityOfPage,https://hif.wikipedia.org/wiki/Belgium
http://schema.org/mainEntityOfPage,https://hr.wikipedia.org/wiki/Belgija
http://schema.org/mainEntityOfPage,https://hsb.wikipedia.org/wiki/Belgiska
http://schema.org/mainEntityOfPage,https://ht.wikipedia.org/wiki/B%C3%A8ljik
http://schema.org/mainEntityOfPage,https://hu.wikinews.org/wiki/Kateg%C3%B3ria:Belgium
http://schema.org/mainEntityOfPage,https://hu.wikipedia.org/wiki/Belgium
http://schema.org/mainEntityOfPage,https://hy.wikipedia.org/wiki/%D4%B2%D5%A5%D5%AC%D5%A3%D5%AB%D5%A1
http://schema.org/mainEntityOfPage,https://hy.wikiquote.org/wiki/%D4%B2%D5%A5%D5%AC%D5%A3%D5%AB%D5%A1
http://schema.org/mainEntityOfPage,https://hyw.wikipedia.org/wiki/%D5%8A%D5%A5%D5%AC%D5%B3%D5%AB%D6%84%D5%A1
http://schema.org/mainEntityOfPage,https://ia.wikipedia.org/wiki/Belgica
http://schema.org/mainEntityOfPage,https://id.wikipedia.org/wiki/Belgia
http://schema.org/mainEntityOfPage,https://ie.wikipedia.org/wiki/Belgia
http://schema.org/mainEntityOfPage,https://ig.wikipedia.org/wiki/Belgium
http://schema.org/mainEntityOfPage,https://ilo.wikipedia.org/wiki/Belhika
http://schema.org/mainEntityOfPage,https://inh.wikipedia.org/wiki/%D0%91%D0%B5%D0%BB%D1%8C%D0%B3%D0%B8
http://schema.org/mainEntityOfPage,https://io.wikipedia.org/wiki/Belgia
http://schema.org/mainEntityOfPage,https://is.wikipedia.org/wiki/Belg%C3%ADa
http://schema.org/mainEntityOfPage,https://it.wikinews.org/wiki/Categoria:Belgio
http://schema.org/mainEntityOfPage,https://it.wikipedia.org/wiki/Belgio
http://schema.org/mainEntityOfPage,https://it.wikiquote.org/wiki/Belgio
http://schema.org/mainEntityOfPage,https://it.wikivoyage.org/wiki/Belgio
http://schema.org/mainEntityOfPage,https://ja.wikinews.org/wiki/%E3%82%AB%E3%83%86%E3%82%B4%E3%83%AA:%E3%83%99%E3%83%AB%E3%82%AE%E3%83%BC
http://schema.org/mainEntityOfPage,https://ja.wikipedia.org/wiki/%E3%83%99%E3%83%AB%E3%82%AE%E3%83%BC
http://schema.org/mainEntityOfPage,https://ja.wikivoyage.org/wiki/%E3%83%99%E3%83%AB%E3%82%AE%E3%83%BC
http://schema.org/mainEntityOfPage,https://jam.wikipedia.org/wiki/Beljiom
http://schema.org/mainEntityOfPage,https://jbo.wikipedia.org/wiki/beldjym
http://schema.org/mainEntityOfPage,https://jv.wikipedia.org/wiki/B%C3%A8lgi
http://schema.org/mainEntityOfPage,https://ka.wikipedia.org/wiki/%E1%83%91%E1%83%94%E1%83%9A%E1%83%92%E1%83%98%E1%83%90
http://schema.org/mainEntityOfPage,https://kaa.wikipedia.org/wiki/Belgiya
http://schema.org/mainEntityOfPage,https://kab.wikipedia.org/wiki/Biljik
http://schema.org/mainEntityOfPage,https://kbd.wikipedia.org/wiki/%D0%91%D0%B5%D0%BB%D0%B3%D0%B8%D1%8D
http://schema.org/mainEntityOfPage,https://kbp.wikipedia.org/wiki/P%C9%9Bliziki
http://schema.org/mainEntityOfPage,https://kg.wikipedia.org/wiki/Belezi
http://schema.org/mainEntityOfPage,https://kk.wikipedia.org/wiki/%D0%91%D0%B5%D0%BB%D1%8C%D0%B3%D0%B8%D1%8F
http://schema.org/mainEntityOfPage,https://km.wikipedia.org/wiki/%E1%9E%94%E1%9F%82%E1%9E%9B%E1%9E%A0%E1%9F%92%E1%9E%9F%E1%9F%8A%E1%9E%B7%E1%9E%80
http://schema.org/mainEntityOfPage,https://kn.wikipedia.org/wiki/%E0%B2%AC%E0%B3%86%E0%B2%B2%E0%B3%8D%E0%B2%9C%E0%B2%BF%E0%B2%AF%E0%B2%82
http://schema.org/mainEntityOfPage,https://ko.wikinews.org/wiki/%EB%B6%84%EB%A5%98:%EB%B2%A8%EA%B8%B0%EC%97%90
http://schema.org/mainEntityOfPage,https://ko.wikipedia.org/wiki/%EB%B2%A8%EA%B8%B0%EC%97%90
http://schema.org/mainEntityOfPage,https://koi.wikipedia.org/wiki/%D0%91%D0%B5%D0%BB%D0%B3%D0%B8%D1%8F
http://schema.org/mainEntityOfPage,https://krc.wikipedia.org/wiki/%D0%91%D0%B5%D0%BB%D1%8C%D0%B3%D0%B8%D1%8F
http://schema.org/mainEntityOfPage,https://ksh.wikipedia.org/wiki/Beljie
http://schema.org/mainEntityOfPage,https://ku.wikipedia.org/wiki/Bel%C3%A7%C3%AEka
http://schema.org/mainEntityOfPage,https://kv.wikipedia.org/wiki/%D0%91%D0%B5%D0%BB%D1%8C%D0%B3%D0%B8%D1%8F
http://schema.org/mainEntityOfPage,https://kw.wikipedia.org/wiki/Pow_Belg
http://schema.org/mainEntityOfPage,https://ky.wikipedia.org/wiki/%D0%91%D0%B5%D0%BB%D1%8C%D0%B3%D0%B8%D1%8F
http://schema.org/mainEntityOfPage,https://la.wikipedia.org/wiki/Belgica
http://schema.org/mainEntityOfPage,https://lad.wikipedia.org/wiki/Beljika
http://schema.org/mainEntityOfPage,https://lb.wikipedia.org/wiki/Belsch
http://schema.org/mainEntityOfPage,https://lez.wikipedia.org/wiki/%D0%91%D0%B5%D0%BB%D1%8C%D0%B3%D0%B8%D1%8F
http://schema.org/mainEntityOfPage,https://lfn.wikipedia.org/wiki/Beljia
http://schema.org/mainEntityOfPage,https://lg.wikipedia.org/wiki/Bubirigi
http://schema.org/mainEntityOfPage,https://li.wikibooks.org/wiki/Belsj
http://schema.org/mainEntityOfPage,https://li.wikipedia.org/wiki/Belsj
http://schema.org/mainEntityOfPage,https://lij.wikipedia.org/wiki/Belgio
http://schema.org/mainEntityOfPage,https://lld.wikipedia.org/wiki/Belje
http://schema.org/mainEntityOfPage,https://lmo.wikipedia.org/wiki/Belgi
http://schema.org/mainEntityOfPage,https://ln.wikipedia.org/wiki/B%C9%9B%CC%81ljika
http://schema.org/mainEntityOfPage,https://lo.wikipedia.org/wiki/%E0%BA%9B%E0%BA%B0%E0%BB%80%E0%BA%97%E0%BA%94%E0%BB%81%E0%BA%9A%E0%BA%99%E0%BA%8A%E0%BA%B4%E0%BA%81
http://schema.org/mainEntityOfPage,https://lt.wikipedia.org/wiki/Belgija
http://schema.org/mainEntityOfPage,https://ltg.wikipedia.org/wiki/Be%C4%BCgeja
http://schema.org/mainEntityOfPage,https://lv.wikipedia.org/wiki/Be%C4%BC%C4%A3ija
http://schema.org/mainEntityOfPage,https://mad.wikipedia.org/wiki/Belgia
http://schema.org/mainEntityOfPage,https://mai.wikipedia.org/wiki/%E0%A4%AC%E0%A5%87%E0%A4%B2%E0%A5%8D%E0%A4%9C%E0%A4%BF%E0%A4%AF%E0%A4%AE
http://schema.org/mainEntityOfPage,https://map-bms.wikipedia.org/wiki/Belgia
http://schema.org/mainEntityOfPage,https://mdf.wikipedia.org/wiki/%D0%91%D1%8D%D0%BB%D1%8C%D0%B3%D0%B8%D1%8F
http://schema.org/mainEntityOfPage,https://mg.wikipedia.org/wiki/Belzika
http://schema.org/mainEntityOfPage,https://mhr.wikipedia.org/wiki/%D0%91%D0%B5%D0%BB%D1%8C%D0%B3%D0%B8%D0%B9
http://schema.org/mainEntityOfPage,https://mi.wikipedia.org/wiki/Pehiamu
http://schema.org/mainEntityOfPage,https://min.wikipedia.org/wiki/Belgia
http://schema.org/mainEntityOfPage,https://mk.wikipedia.org/wiki/%D0%91%D0%B5%D0%BB%D0%B3%D0%B8%D1%98%D0%B0
http://schema.org/mainEntityOfPage,https://ml.wikipedia.org/wiki/%E0%B4%AC%E0%B5%86%E0%B5%BD%E0%B4%9C%E0%B4%BF%E0%B4%AF%E0%B4%82
http://schema.org/mainEntityOfPage,https://mn.wikipedia.org/wiki/%D0%91%D0%B5%D0%BB%D1%8C%D0%B3%D0%B8
http://schema.org/mainEntityOfPage,https://mni.wikipedia.org/wiki/%EA%AF%95%EA%AF%A6%EA%AF%9C%EA%AF%96%EA%AF%A4%EA%AF%8C%EA%AF%9D
http://schema.org/mainEntityOfPage,https://mr.wikipedia.org/wiki/%E0%A4%AC%E0%A5%87%E0%A4%B2%E0%A5%8D%E0%A4%9C%E0%A4%BF%E0%A4%AF%E0%A4%AE
http://schema.org/mainEntityOfPage,https://ms.wikipedia.org/wiki/Belgium
http://schema.org/mainEntityOfPage,https://mt.wikipedia.org/wiki/Bel%C4%A1ju
http://schema.org/mainEntityOfPage,https://mwl.wikipedia.org/wiki/B%C3%A9lgica
http://schema.org/mainEntityOfPage,https://my.wikipedia.org/wiki/%E1%80%98%E1%80%9A%E1%80%BA%E1%80%9C%E1%80%BA%E1%80%82%E1%80%BB%E1%80%AE%E1%80%9A%E1%80%99%E1%80%BA%E1%80%94%E1%80%AD%E1%80%AF%E1%80%84%E1%80%BA%E1%80%84%E1%80%B6
http://schema.org/mainEntityOfPage,https://myv.wikipedia.org/wiki/%D0%91%D0%B5%D0%BB%D1%8C%D0%B3%D0%B8%D1%8F_%D0%9C%D0%B0%D1%81%D1%82%D0%BE%D1%80
http://schema.org/mainEntityOfPage,https://mzn.wikipedia.org/wiki/%D8%A8%D9%84%D8%AC%DB%8C%DA%A9
http://schema.org/mainEntityOfPage,https://na.wikipedia.org/wiki/Berdjiyum
http://schema.org/mainEntityOfPage,https://nah.wikipedia.org/wiki/Belgica
http://schema.org/mainEntityOfPage,https://nap.wikipedia.org/wiki/Belge
http://schema.org/mainEntityOfPage,https://nds-nl.wikipedia.org/wiki/Belgi%C3%AB
http://schema.org/mainEntityOfPage,https://nds.wikipedia.org/wiki/Belgien
http://schema.org/mainEntityOfPage,https://ne.wikipedia.org/wiki/%E0%A4%AC%E0%A5%87%E0%A4%B2%E0%A5%8D%E0%A4%9C%E0%A4%BF%E0%A4%AF%E0%A4%AE
http://schema.org/mainEntityOfPage,https://new.wikipedia.org/wiki/%E0%A4%AC%E0%A5%87%E0%A4%B2%E0%A5%8D%E0%A4%9C%E0%A4%BF%E0%A4%AF%E0%A4%AE
http://schema.org/mainEntityOfPage,https://nl.wikibooks.org/wiki/Atlas_van_Europa/Belgi%C3%AB
http://schema.org/mainEntityOfPage,https://nl.wikinews.org/wiki/Categorie:Belgi%C3%AB
http://schema.org/mainEntityOfPage,https://nl.wikipedia.org/wiki/Belgi%C3%AB
http://schema.org/mainEntityOfPage,https://nl.wikiquote.org/wiki/Belgi%C3%AB
http://schema.org/mainEntityOfPage,https://nl.wikivoyage.org/wiki/Belgi%C3%AB
http://schema.org/mainEntityOfPage,https://nn.wikipedia.org/wiki/Belgia
http://schema.org/mainEntityOfPage,https://no.wikinews.org/wiki/Kategori:Belgia
http://schema.org/mainEntityOfPage,https://no.wikipedia.org/wiki/Belgia
http://schema.org/mainEntityOfPage,https://nov.wikipedia.org/wiki/Belgia
http://schema.org/mainEntityOfPage,https://nrm.wikipedia.org/wiki/Belgique
http://schema.org/mainEntityOfPage,https://nso.wikipedia.org/wiki/Belgium
http://schema.org/mainEntityOfPage,https://nv.wikipedia.org/wiki/T%C3%A1b%C4%85%C4%85h_H%C3%B3teelnii_Bik%C3%A9yah
http://schema.org/mainEntityOfPage,https://ny.wikipedia.org/wiki/Belgium
http://schema.org/mainEntityOfPage,https://oc.wikipedia.org/wiki/Belgica
http://schema.org/mainEntityOfPage,https://olo.wikipedia.org/wiki/Bel%27gii
http://schema.org/mainEntityOfPage,https://om.wikipedia.org/wiki/Beeljiyeem
http://schema.org/mainEntityOfPage,https://os.wikipedia.org/wiki/%D0%91%D0%B5%D0%BB%D1%8C%D0%B3%D0%B8
http://schema.org/mainEntityOfPage,https://pa.wikipedia.org/wiki/%E0%A8%AC%E0%A9%88%E0%A8%B2%E0%A8%9C%E0%A9%80%E0%A8%85%E0%A8%AE
http://schema.org/mainEntityOfPage,https://pag.wikipedia.org/wiki/Belhika
http://schema.org/mainEntityOfPage,https://pam.wikipedia.org/wiki/Belgika
http://schema.org/mainEntityOfPage,https://pap.wikipedia.org/wiki/B%C3%A9lgika
http://schema.org/mainEntityOfPage,https://pcd.wikipedia.org/wiki/Bergike
http://schema.org/mainEntityOfPage,https://pdc.wikipedia.org/wiki/Belgien
http://schema.org/mainEntityOfPage,https://pfl.wikipedia.org/wiki/Belgien
http://schema.org/mainEntityOfPage,https://pi.wikipedia.org/wiki/%E0%A4%AC%E0%A5%87%E0%A4%B2%E0%A5%8D%E0%A4%9C%E0%A4%BF%E0%A4%AF%E0%A4%AE
http://schema.org/mainEntityOfPage,https://pih.wikipedia.org/wiki/Beljum
http://schema.org/mainEntityOfPage,https://pl.wikinews.org/wiki/Kategoria:Belgia
http://schema.org/mainEntityOfPage,https://pl.wikipedia.org/wiki/Belgia
http://schema.org/mainEntityOfPage,https://pl.wikiquote.org/wiki/Belgia
http://schema.org/mainEntityOfPage,https://pl.wikivoyage.org/wiki/Belgia
http://schema.org/mainEntityOfPage,https://pms.wikipedia.org/wiki/Belgi
http://schema.org/mainEntityOfPage,https://pnb.wikipedia.org/wiki/%D8%A8%DB%8C%D9%84%D8%AC%DB%8C%D9%85
http://schema.org/mainEntityOfPage,https://pnt.wikipedia.org/wiki/%CE%92%CE%AD%CE%BB%CE%B3%CE%B9%CE%BF%CE%BD
http://schema.org/mainEntityOfPage,https://ps.wikipedia.org/wiki/%D8%A8%DB%90%D9%84%D8%AC%DB%8C%D9%85
http://schema.org/mainEntityOfPage,https://pt.wikibooks.org/wiki/B%C3%A9lgica
http://schema.org/mainEntityOfPage,https://pt.wikinews.org/wiki/Categoria:B%C3%A9lgica
http://schema.org/mainEntityOfPage,https://pt.wikipedia.org/wiki/B%C3%A9lgica
http://schema.org/mainEntityOfPage,https://pt.wikivoyage.org/wiki/B%C3%A9lgica
http://schema.org/mainEntityOfPage,https://qu.wikipedia.org/wiki/Wilhika
http://schema.org/mainEntityOfPage,https://rm.wikipedia.org/wiki/Belgia
http://schema.org/mainEntityOfPage,https://rmy.wikipedia.org/wiki/Beljiya
http://schema.org/mainEntityOfPage,https://rn.wikipedia.org/wiki/Ububirigi
http://schema.org/mainEntityOfPage,https://ro.wikinews.org/wiki/Categorie:Belgia
http://schema.org/mainEntityOfPage,https://ro.wikipedia.org/wiki/Belgia
http://schema.org/mainEntityOfPage,https://ro.wikivoyage.org/wiki/Belgia
http://schema.org/mainEntityOfPage,https://roa-tara.wikipedia.org/wiki/B%C3%A8lge
http://schema.org/mainEntityOfPage,https://ru.wikinews.org/wiki/%D0%9A%D0%B0%D1%82%D0%B5%D0%B3%D0%BE%D1%80%D0%B8%D1%8F:%D0%91%D0%B5%D0%BB%D1%8C%D0%B3%D0%B8%D1%8F
http://schema.org/mainEntityOfPage,https://ru.wikipedia.org/wiki/%D0%91%D0%B5%D0%BB%D1%8C%D0%B3%D0%B8%D1%8F
http://schema.org/mainEntityOfPage,https://ru.wikivoyage.org/wiki/%D0%91%D0%B5%D0%BB%D1%8C%D0%B3%D0%B8%D1%8F
http://schema.org/mainEntityOfPage,https://rue.wikipedia.org/wiki/%D0%91%D0%B5%D0%BB%D2%91%D1%96%D1%8F
http://schema.org/mainEntityOfPage,https://rw.wikipedia.org/wiki/Ububiligi
http://schema.org/mainEntityOfPage,https://sa.wikipedia.org/wiki/%E0%A4%AC%E0%A5%87%E0%A4%B2%E0%A5%8D%E0%A4%9C%E0%A4%BF%E0%A4%AF%E0%A4%AE%E0%A5%8D
http://schema.org/mainEntityOfPage,https://sah.wikipedia.org/wiki/%D0%91%D0%B5%D0%BB%D1%8C%D0%B3%D0%B8%D1%8F
http://schema.org/mainEntityOfPage,https://sat.wikipedia.org/wiki/%E1%B1%B5%E1%B1%AE%E1%B1%9E%E1%B1%A1%E1%B1%A4%E1%B1%AD%E1%B1%9F%E1%B1%A2
http://schema.org/mainEntityOfPage,https://sc.wikipedia.org/wiki/B%C3%A8lgiu
http://schema.org/mainEntityOfPage,https://scn.wikipedia.org/wiki/Belgiu
http://schema.org/mainEntityOfPage,https://sco.wikipedia.org/wiki/Belgium
http://schema.org/mainEntityOfPage,https://sd.wikipedia.org/wiki/%D8%A8%D9%8A%D9%84%D8%AC%D9%8A%D9%85
http://schema.org/mainEntityOfPage,https://se.wikipedia.org/wiki/Belgia
http://schema.org/mainEntityOfPage,https://sg.wikipedia.org/wiki/B%C3%AAleze
http://schema.org/mainEntityOfPage,https://sh.wikipedia.org/wiki/Belgija
http://schema.org/mainEntityOfPage,https://shi.wikipedia.org/wiki/Bljika
http://schema.org/mainEntityOfPage,https://shn.wikipedia.org/wiki/%E1%80%99%E1%80%AD%E1%80%B0%E1%80%84%E1%80%BA%E1%80%B8%E1%80%95%E1%82%84%E1%82%87%E1%81%B5%E1%80%BB%E1%80%AE%E1%82%87%E1%80%9A%E1%80%99%E1%80%BA%E1%82%87
http://schema.org/mainEntityOfPage,https://si.wikipedia.org/wiki/%E0%B6%B6%E0%B7%99%E0%B6%BD%E0%B7%8A%E0%B6%A2%E0%B7%92%E0%B6%BA%E0%B6%B8
http://schema.org/mainEntityOfPage,https://simple.wikipedia.org/wiki/Belgium
http://schema.org/mainEntityOfPage,https://sk.wikipedia.org/wiki/Belgicko
http://schema.org/mainEntityOfPage,https://sl.wikipedia.org/wiki/Belgija
http://schema.org/mainEntityOfPage,https://sm.wikipedia.org/wiki/Peleseuma
http://schema.org/mainEntityOfPage,https://smn.wikipedia.org/wiki/Belgia
http://schema.org/mainEntityOfPage,https://sn.wikipedia.org/wiki/Bherujyamu
http://schema.org/mainEntityOfPage,https://so.wikipedia.org/wiki/Beljim
http://schema.org/mainEntityOfPage,https://sq.wikinews.org/wiki/Kategoria:Belgjik%C3%AB
http://schema.org/mainEntityOfPage,https://sq.wikipedia.org/wiki/Belgjika
http://schema.org/mainEntityOfPage,https://sr.wikinews.org/wiki/%D0%9A%D0%B0%D1%82%D0%B5%D0%B3%D0%BE%D1%80%D0%B8%D1%98%D0%B0:%D0%91%D0%B5%D0%BB%D0%B3%D0%B8%D1%98%D0%B0
http://schema.org/mainEntityOfPage,https://sr.wikipedia.org/wiki/%D0%91%D0%B5%D0%BB%D0%B3%D0%B8%D1%98%D0%B0
http://schema.org/mainEntityOfPage,https://sr.wikiquote.org/wiki/%D0%91%D0%B5%D0%BB%D0%B3%D0%B8%D1%98%D0%B0
http://schema.org/mainEntityOfPage,https://srn.wikipedia.org/wiki/Belgikondre
http://schema.org/mainEntityOfPage,https://ss.wikipedia.org/wiki/IBhelijiyamu
http://schema.org/mainEntityOfPage,https://stq.wikipedia.org/wiki/Belgien
http://schema.org/mainEntityOfPage,https://su.wikipedia.org/wiki/B%C3%A9lgia
http://schema.org/mainEntityOfPage,https://sv.wikinews.org/wiki/Kategori:Belgien
http://schema.org/mainEntityOfPage,https://sv.wikipedia.org/wiki/Belgien
http://schema.org/mainEntityOfPage,https://sv.wikivoyage.org/wiki/Belgien
http://schema.org/mainEntityOfPage,https://sw.wikipedia.org/wiki/Ubelgiji
http://schema.org/mainEntityOfPage,https://szl.wikipedia.org/wiki/Belgij%C5%8F
http://schema.org/mainEntityOfPage,https://szy.wikipedia.org/wiki/Belguim
http://schema.org/mainEntityOfPage,https://ta.wikinews.org/wiki/%E0%AE%AA%E0%AE%95%E0%AF%81%E0%AE%AA%E0%AF%8D%E0%AE%AA%E0%AF%81:%E0%AE%AA%E0%AF%86%E0%AE%B2%E0%AF%8D%E0%AE%9C%E0%AE%BF%E0%AE%AF%E0%AE%AE%E0%AF%8D
http://schema.org/mainEntityOfPage,https://ta.wikipedia.org/wiki/%E0%AE%AA%E0%AF%86%E0%AE%B2%E0%AF%8D%E0%AE%9C%E0%AE%BF%E0%AE%AF%E0%AE%AE%E0%AF%8D
http://schema.org/mainEntityOfPage,https://tay.wikipedia.org/wiki/Belguim
http://schema.org/mainEntityOfPage,https://te.wikipedia.org/wiki/%E0%B0%AC%E0%B1%86%E0%B0%B2%E0%B1%8D%E0%B0%9C%E0%B0%BF%E0%B0%AF%E0%B0%82
http://schema.org/mainEntityOfPage,https://tet.wikipedia.org/wiki/B%C3%A9ljika
http://schema.org/mainEntityOfPage,https://tg.wikipedia.org/wiki/%D0%91%D0%B5%D0%BB%D0%B3%D0%B8%D1%8F
http://schema.org/mainEntityOfPage,https://th.wikipedia.org/wiki/%E0%B8%9B%E0%B8%A3%E0%B8%B0%E0%B9%80%E0%B8%97%E0%B8%A8%E0%B9%80%E0%B8%9A%E0%B8%A5%E0%B9%80%E0%B8%A2%E0%B8%B5%E0%B8%A2%E0%B8%A1
http://schema.org/mainEntityOfPage,https://tk.wikipedia.org/wiki/Belgi%C3%BDa
http://schema.org/mainEntityOfPage,https://tl.wikipedia.org/wiki/Belhika
http://schema.org/mainEntityOfPage,https://to.wikipedia.org/wiki/Pelesiume
http://schema.org/mainEntityOfPage,https://tpi.wikipedia.org/wiki/Beljiam
http://schema.org/mainEntityOfPage,https://tr.wikinews.org/wiki/Kategori:Bel%C3%A7ika
http://schema.org/mainEntityOfPage,https://tr.wikipedia.org/wiki/Bel%C3%A7ika
http://schema.org/mainEntityOfPage,https://tr.wikivoyage.org/wiki/Bel%C3%A7ika
http://schema.org/mainEntityOfPage,https://trv.wikipedia.org/wiki/Belguim
http://schema.org/mainEntityOfPage,https://ts.wikipedia.org/wiki/Belgium
http://schema.org/mainEntityOfPage,https://tt.wikipedia.org/wiki/%D0%91%D0%B5%D0%BB%D1%8C%D0%B3%D0%B8%D1%8F
http://schema.org/mainEntityOfPage,https://tum.wikipedia.org/wiki/Belgium
http://schema.org/mainEntityOfPage,https://tw.wikipedia.org/wiki/B%C9%9Blgyiom
http://schema.org/mainEntityOfPage,https://udm.wikipedia.org/wiki/%D0%91%D0%B5%D0%BB%D1%8C%D0%B3%D0%B8%D1%8F
http://schema.org/mainEntityOfPage,https://ug.wikipedia.org/wiki/%D8%A8%DB%90%D9%84%DA%AF%D9%89%D9%8A%DB%95
http://schema.org/mainEntityOfPage,https://uk.wikinews.org/wiki/%D0%9A%D0%B0%D1%82%D0%B5%D0%B3%D0%BE%D1%80%D1%96%D1%8F:%D0%91%D0%B5%D0%BB%D1%8C%D0%B3%D1%96%D1%8F
http://schema.org/mainEntityOfPage,https://uk.wikipedia.org/wiki/%D0%91%D0%B5%D0%BB%D1%8C%D0%B3%D1%96%D1%8F
http://schema.org/mainEntityOfPage,https://uk.wikivoyage.org/wiki/%D0%91%D0%B5%D0%BB%D1%8C%D0%B3%D1%96%D1%8F
http://schema.org/mainEntityOfPage,https://ur.wikipedia.org/wiki/%D8%A8%D9%84%D8%AC%D8%A6%DB%8C%D9%85
http://schema.org/mainEntityOfPage,https://uz.wikipedia.org/wiki/Belgiya
http://schema.org/mainEntityOfPage,https://vec.wikipedia.org/wiki/Belzo
http://schema.org/mainEntityOfPage,https://vep.wikipedia.org/wiki/Bel%27gii
http://schema.org/mainEntityOfPage,https://vi.wikipedia.org/wiki/B%E1%BB%89
http://schema.org/mainEntityOfPage,https://vi.wikivoyage.org/wiki/B%E1%BB%89
http://schema.org/mainEntityOfPage,https://vls.wikipedia.org/wiki/Belgi%C3%AB
http://schema.org/mainEntityOfPage,https://vo.wikipedia.org/wiki/Belg%C3%A4n
http://schema.org/mainEntityOfPage,https://wa.wikipedia.org/wiki/Beldjike
http://schema.org/mainEntityOfPage,https://war.wikipedia.org/wiki/Belhika
http://schema.org/mainEntityOfPage,https://wo.wikipedia.org/wiki/Belsik
http://schema.org/mainEntityOfPage,https://wuu.wikipedia.org/wiki/%E6%AF%94%E5%88%A9%E6%97%B6
http://schema.org/mainEntityOfPage,https://xal.wikipedia.org/wiki/%D0%91%D0%B5%D0%BB%D1%8C%D2%97%D0%BC%D1%83%D0%B4%D0%B8%D0%BD_%D0%9D%D1%83%D1%82%D0%B3
http://schema.org/mainEntityOfPage,https://xmf.wikipedia.org/wiki/%E1%83%91%E1%83%94%E1%83%9A%E1%83%92%E1%83%98%E1%83%90
http://schema.org/mainEntityOfPage,https://yi.wikipedia.org/wiki/%D7%91%D7%A2%D7%9C%D7%92%D7%99%D7%A2
http://schema.org/mainEntityOfPage,https://yo.wikipedia.org/wiki/B%E1%BA%B9%CC%81lj%C3%AD%E1%BB%8D%CC%80m
http://schema.org/mainEntityOfPage,https://za.wikipedia.org/wiki/Bijliswz
http://schema.org/mainEntityOfPage,https://zea.wikipedia.org/wiki/Belgi%C3%AB
http://schema.org/mainEntityOfPage,https://zh-classical.wikipedia.org/wiki/%E6%AF%94%E5%88%A9%E6%99%82
http://schema.org/mainEntityOfPage,https://zh-min-nan.wikipedia.org/wiki/Pe%CC%8Dk-n%C3%AD-g%C4%AB
http://schema.org/mainEntityOfPage,https://zh-yue.wikipedia.org/wiki/%E6%AF%94%E5%88%A9%E6%99%82
http://schema.org/mainEntityOfPage,https://zh.wikinews.org/wiki/Category:%E6%AF%94%E5%88%A9%E6%99%82
http://schema.org/mainEntityOfPage,https://zh.wikipedia.org/wiki/%E6%AF%94%E5%88%A9%E6%97%B6
http://schema.org/mainEntityOfPage,https://zh.wikivoyage.org/wiki/%E6%AF%94%E5%88%A9%E6%97%B6
http://schema.org/memberOf,http://yago-knowledge.org/resource/European_Union
http://schema.org/memberOf,http://yago-knowledge.org/resource/UNESCO
http://schema.org/memberOf,http://yago-knowledge.org/resource/United_Nations_generic_instance
http://schema.org/memberOf,http://yago-knowledge.org/resource/NATO
http://schema.org/memberOf,http://yago-knowledge.org/resource/Organisation_internationale_de_la_Francophonie
http://schema.org/memberOf,http://yago-knowledge.org/resource/Asian_Development_Bank
http://schema.org/memberOf,http://yago-knowledge.org/resource/Organization_for_Security_and_Co-operation_in_Europe
http://schema.org/memberOf,http://yago-knowledge.org/resource/Universal_Postal_Union
http://schema.org/memberOf,http://yago-knowledge.org/resource/International_Telecommunication_Union
http://schema.org/memberOf,http://yago-knowledge.org/resource/World_Health_Organization
http://schema.org/memberOf,http://yago-knowledge.org/resource/OECD
http://schema.org/memberOf,http://yago-knowledge.org/resource/European_Space_Agency
http://schema.org/memberOf,http://yago-knowledge.org/resource/Council_of_Europe
http://schema.org/memberOf,http://yago-knowledge.org/resource/African_Development_Bank
http://schema.org/memberOf,http://yago-knowledge.org/resource/World_Meteorological_Organization
http://schema.org/memberOf,http://yago-knowledge.org/resource/International_Energy_Agency
http://schema.org/memberOf,http://yago-knowledge.org/resource/World_Trade_Organization
http://schema.org/memberOf,http://yago-knowledge.org/resource/International_Development_Association
http://schema.org/memberOf,http://yago-knowledge.org/resource/Eurocontrol
http://schema.org/memberOf,http://yago-knowledge.org/resource/International_Finance_Corporation
http://schema.org/memberOf,http://yago-knowledge.org/resource/European_Coal_and_Steel_Community
http://schema.org/memberOf,http://yago-knowledge.org/resource/Interpol
http://schema.org/memberOf,http://yago-knowledge.org/resource/Group_on_Earth_Observations
http://schema.org/memberOf,http://yago-knowledge.org/resource/Benelux
http://schema.org/memberOf,http://yago-knowledge.org/resource/Dutch_Language_Union
http://schema.org/memberOf,http://yago-knowledge.org/resource/Multilateral_Investment_Guarantee_Agency
http://schema.org/memberOf,http://yago-knowledge.org/resource/Nuclear_Suppliers_Group
http://schema.org/memberOf,http://yago-knowledge.org/resource/International_Bank_for_Reconstruction_and_Development
http://schema.org/memberOf,http://yago-knowledge.org/resource/Organisation_for_Joint_Armament_Cooperation
http://schema.org/memberOf,http://yago-knowledge.org/resource/Organisation_for_the_Prohibition_of_Chemical_Weapons
http://schema.org/memberOf,http://yago-knowledge.org/resource/Australia_Group
http://schema.org/memberOf,http://yago-knowledge.org/resource/Belgium_u2013_Luxembourg_Economic_Union
http://schema.org/memberOf,http://yago-knowledge.org/resource/European_Air_Transport_Command
http://schema.org/memberOf,http://yago-knowledge.org/resource/European_Payments_Union
http://schema.org/memberOf,http://yago-knowledge.org/resource/International_Centre_for_Settlement_of_Investment_Disputes
http://schema.org/memberOf,http://yago-knowledge.org/resource/International_Hydrographic_Organization
http://schema.org/memberOf,http://yago-knowledge.org/resource/Missile_Technology_Control_Regime
http://schema.org/memberOf,http://yago-knowledge.org/resource/Movement_Coordination_Centre_Europe
http://schema.org/sameAs,/m/0154j
http://schema.org/sameAs,08868745-n
http://schema.org/slogan,Eendracht maakt macht
http://schema.org/slogan,L'union fait la force
http://schema.org/url,https://www.belgium.be/
http://yago-knowledge.org/resource/area,30688
http://yago-knowledge.org/resource/capital,http://yago-knowledge.org/resource/City_of_Brussels
http://yago-knowledge.org/resource/demonym,Bedje
http://yago-knowledge.org/resource/demonym,Belg
http://yago-knowledge.org/resource/demonym,belga
http://yago-knowledge.org/resource/demonym,Belg√§nan
http://yago-knowledge.org/resource/demonym,Belge
http://yago-knowledge.org/resource/demonym,Belgen
http://yago-knowledge.org/resource/demonym,belghe
http://yago-knowledge.org/resource/demonym,belghi
http://yago-knowledge.org/resource/demonym,belgi
http://yago-knowledge.org/resource/demonym,belgian
http://yago-knowledge.org/resource/demonym,Belgian
http://yago-knowledge.org/resource/demonym,belgiancƒÉ
http://yago-knowledge.org/resource/demonym,Belgiano
http://yago-knowledge.org/resource/demonym,Belgiƒçan
http://yago-knowledge.org/resource/demonym,belgieni
http://yago-knowledge.org/resource/demonym,belgier
http://yago-knowledge.org/resource/demonym,Belgier
http://yago-knowledge.org/resource/demonym,Belgierin
http://yago-knowledge.org/resource/demonym,belgijanac
http://yago-knowledge.org/resource/demonym,belgijanci
http://yago-knowledge.org/resource/demonym,belgijanka
http://yago-knowledge.org/resource/demonym,belgijanke
http://yago-knowledge.org/resource/demonym,Belgische
http://yago-knowledge.org/resource/demonym,belgisk
http://yago-knowledge.org/resource/demonym,belgo
http://yago-knowledge.org/resource/demonym,beljes
http://yago-knowledge.org/resource/demonym,Belsch
http://yago-knowledge.org/resource/demonym,belxicana
http://yago-knowledge.org/resource/demonym,belxicano
http://yago-knowledge.org/resource/demonym,belxicanu
http://yago-knowledge.org/resource/demonym,belzi
http://yago-knowledge.org/resource/demonym,Belzje
http://yago-knowledge.org/resource/demonym,–±–µ–ª—å–≥–∏–π—Ü—ã
http://yago-knowledge.org/resource/demonym,–±–µ–ª—å–≥—ñ—î—Ü—å
http://yago-knowledge.org/resource/demonym,–±–µ–ª—å–≥—ñ–π–∫–∞
http://yago-knowledge.org/resource/demonym,–±–µ–ª—å–≥—ñ–π—Ü—ñ
http://yago-knowledge.org/resource/demonym,◊ë◊ú◊í◊ô
http://yago-knowledge.org/resource/demonym,◊ë◊ú◊í◊ô◊™
http://yago-knowledge.org/resource/demonym,ÿ®ŸÑÿ¨ŸäŸÉŸä
http://yago-knowledge.org/resource/demonym,ÿ®ŸÑÿ¨ŸäŸÉŸäÿ©
http://yago-knowledge.org/resource/demonym,ÿ®ŸÑÿ¨ŸäŸÉŸäŸàŸÜ
http://yago-knowledge.org/resource/demonym,ÿ®€åŸÑÿ¨
http://yago-knowledge.org/resource/demonym,‡Æ™‡ØÜ‡Æ≤‡Øç‡Æú‡Æø‡ÆØ‡Æ∞‡Øç
http://yago-knowledge.org/resource/demonym,ÊØîÂà©Êó∂
http://yago-knowledge.org/resource/highestPoint,http://yago-knowledge.org/resource/Signal_de_Botrange
http://yago-knowledge.org/resource/leader,http://yago-knowledge.org/resource/Philippe_of_Belgium
http://yago-knowledge.org/resource/leader,http://yago-knowledge.org/resource/Alexander_De_Croo
http://yago-knowledge.org/resource/lowestPoint,http://yago-knowledge.org/resource/De_Moeren_Q2417076
http://yago-knowledge.org/resource/neighbors,http://yago-knowledge.org/resource/France
http://yago-knowledge.org/resource/neighbors,http://yago-knowledge.org/resource/Germany
http://yago-knowledge.org/resource/neighbors,http://yago-knowledge.org/resource/Netherlands
http://yago-knowledge.org/resource/neighbors,http://yago-knowledge.org/resource/North_Sea
http://yago-knowledge.org/resource/neighbors,http://yago-knowledge.org/resource/Luxembourg
http://yago-knowledge.org/resource/populationNumber,11584008
http://yago-knowledge.org/resource/replaces,http://yago-knowledge.org/resource/United_Kingdom_of_the_Netherlands
http://yago-knowledge.org/resource/officialLanguage,http://yago-knowledge.org/resource/Dutch_language_generic_instance
http://yago-knowledge.org/resource/officialLanguage,http://yago-knowledge.org/resource/French_language_generic_instance
http://yago-knowledge.org/resource/officialLanguage,http://yago-knowledge.org/resource/German_language_generic_instance
http://yago-knowledge.org/resource/humanDevelopmentIndex,0.937
http://yago-knowledge.org/resource/unemploymentRate,5.55
http://www.w3.org/1999/02/22-rdf-syntax-ns#type,http://yago-knowledge.org/resource/Sovereign_state
http://www.w3.org/2000/01/rdf-schema#comment,–∫—Ä–∞—ñ–Ω–∞
http://www.w3.org/2000/01/rdf-schema#comment,–∫—Ä–∞—ñ–Ω–∞
http://www.w3.org/2000/01/rdf-schema#comment,ŸÖŸèŸÑŸè⁄©
http://www.w3.org/2000/01/rdf-schema#comment,Estau d'Europa
http://www.w3.org/2000/01/rdf-schema#comment,ÿØŸàŸÑÿ© ŸÅŸä ÿ£Ÿàÿ±Ÿàÿ®ÿß ÿßŸÑÿ∫ÿ±ÿ®Ÿäÿ©
http://www.w3.org/2000/01/rdf-schema#comment,Q…ôrbi Avropada konstusiyalƒ± monarxiya √∂lk…ô
http://www.w3.org/2000/01/rdf-schema#comment,–ï–≤—Ä–æ–ø–∞–Ω—ã“£ —Ç”©–Ω—å—è“°-–∫”©–Ω–±–∞–π—ã—à—ã–Ω–¥–∞ —É—Ä—ã–Ω–ª–∞—à“°–∞–Ω –¥”ô“Ø–ª”ô—Ç
http://www.w3.org/2000/01/rdf-schema#comment,–¥—ä—Ä–∂–∞–≤–∞ –≤ –ó–∞–ø–∞–¥–Ω–∞ –ï–≤—Ä–æ–ø–∞
http://www.w3.org/2000/01/rdf-schema#comment,‡§™‡§ö‡•ç‡§õ‡§ø‡§Æ‡•Ä ‡§Ø‡•Ç‡§∞‡•ã‡§™ ‡§Æ‡•á‡§Ç ‡§è‡§ó‡•ã ‡§∏‡§Ç‡§ò‡•Ä‡§Ø ‡§∏‡§Ç‡§¨‡•à‡§ß‡§æ‡§®‡§ø‡§ï ‡§∞‡§æ‡§ú‡§§‡§Ç‡§§‡•ç‡§∞
http://www.w3.org/2000/01/rdf-schema#comment,‡¶™‡¶∂‡ßç‡¶ö‡¶ø‡¶Æ ‡¶á‡¶â‡¶∞‡ßã‡¶™‡ßá‡¶∞ ‡¶Ø‡ßÅ‡¶ï‡ßç‡¶§‡¶∞‡¶æ‡¶∑‡ßç‡¶ü‡ßç‡¶∞‡ßÄ‡¶Ø‡¶º ‡¶∏‡¶æ‡¶Ç‡¶¨‡¶ø‡¶ß‡¶æ‡¶®‡¶ø‡¶ï ‡¶∞‡¶æ‡¶ú‡¶§‡¶®‡ßç‡¶§‡ßç‡¶∞
http://www.w3.org/2000/01/rdf-schema#comment,stad Europa
http://www.w3.org/2000/01/rdf-schema#comment,dr≈æava u zapadnoj Evropi
http://www.w3.org/2000/01/rdf-schema#comment,pa√≠s d'Europa
http://www.w3.org/2000/01/rdf-schema#comment,ÿØ€ïŸà⁄µ€ïÿ™€å ÿ®ÿß⁄µÿßÿØ€ïÿ≥ÿ™ ŸÑ€ï ⁄ï€Ü⁄òÿßŸàÿß€å ÿ¶€ïŸàÿ±ŸàŸàŸæÿß
http://www.w3.org/2000/01/rdf-schema#comment,"statu di l'Auropa occidentale, membru di l'Unione auropea"
http://www.w3.org/2000/01/rdf-schema#comment,st√°t v Evropƒõ
http://www.w3.org/2000/01/rdf-schema#comment,wlad yn Ewrop
http://www.w3.org/2000/01/rdf-schema#comment,Et land i Europa
http://www.w3.org/2000/01/rdf-schema#comment,f√∂deraler Staat in Westeuropa
http://www.w3.org/2000/01/rdf-schema#comment,Staat in Westeuropa
http://www.w3.org/2000/01/rdf-schema#comment,Staat in Westeuropa
http://www.w3.org/2000/01/rdf-schema#comment,œáœéœÅŒ± œÑŒ∑œÇ Œ¥œÖœÑŒπŒ∫ŒÆœÇ ŒïœÖœÅœéœÄŒ∑œÇ
http://www.w3.org/2000/01/rdf-schema#comment,country in western Europe
http://www.w3.org/2000/01/rdf-schema#comment,constitutional monarchy in Western Europe
http://www.w3.org/2000/01/rdf-schema#comment,country in Europe
http://www.w3.org/2000/01/rdf-schema#comment,country in western Europe
http://www.w3.org/2000/01/rdf-schema#comment,federacio en E≈≠ropo
http://www.w3.org/2000/01/rdf-schema#comment,pa√≠s de Europa occidental
http://www.w3.org/2000/01/rdf-schema#comment,⁄©ÿ¥Ÿàÿ±€å ÿØÿ± ŸÇÿßÿ±Ÿá ÿßÿ±ŸàŸæÿß
http://www.w3.org/2000/01/rdf-schema#comment,valtio L√§nsi-Euroopassa
http://www.w3.org/2000/01/rdf-schema#comment,√âtat d'Europe occidentale
http://www.w3.org/2000/01/rdf-schema#comment,pa√≠s europeo
http://www.w3.org/2000/01/rdf-schema#comment,Œï·ΩêœÅœéœÄŒ∑œÇ œáœéœÅŒ±
http://www.w3.org/2000/01/rdf-schema#comment,Staat in Mitteleuropa
http://www.w3.org/2000/01/rdf-schema#comment,◊û◊ì◊ô◊†◊î ◊ë◊ê◊ô◊®◊ï◊§◊î
http://www.w3.org/2000/01/rdf-schema#comment,‡§Ø‡•Ç‡§∞‡•ã‡§™ ‡§Æ‡§π‡§æ‡§¶‡•ç‡§µ‡•Ä‡§™ ‡§Æ‡•á‡§Ç ‡§∏‡•ç‡§•‡§ø‡§§ ‡§è‡§ï ‡§¶‡•á‡§∂
http://www.w3.org/2000/01/rdf-schema#comment,dr≈æava u zapadnoj Europi
http://www.w3.org/2000/01/rdf-schema#comment,stat w zapadnej Europje
http://www.w3.org/2000/01/rdf-schema#comment,peyi ki nan pati oksidantal kontinan Ewopeyen
http://www.w3.org/2000/01/rdf-schema#comment,√°llam Nyugat-Eur√≥p√°ban
http://www.w3.org/2000/01/rdf-schema#comment,’§’°’∑’∂’°’µ’´’∂ ’©’°’£’°’æ’∏÷Ä’∏÷Ç’©’µ’∏÷Ç’∂ ‘µ’æ÷Ä’∏’∫’°’µ’∏÷Ç’¥
http://www.w3.org/2000/01/rdf-schema#comment,negara di Eropa Barat
http://www.w3.org/2000/01/rdf-schema#comment,Un Land in Europa
http://www.w3.org/2000/01/rdf-schema#comment,pederal nga estado idiay Lumaud nga Europa
http://www.w3.org/2000/01/rdf-schema#comment,r√≠ki √≠ Nor√∞vestur Evr√≥pu
http://www.w3.org/2000/01/rdf-schema#comment,"stato dell'Europa occidentale, membro dell'Unione europea"
http://www.w3.org/2000/01/rdf-schema#comment,Ë•ø„É®„Éº„É≠„ÉÉ„Éë„ÅÆÂõΩ
http://www.w3.org/2000/01/rdf-schema#comment,nagara ing √âropah
http://www.w3.org/2000/01/rdf-schema#comment,‡≤™‡≤∂‡≥ç‡≤ö‡≤ø‡≤Æ ‡≤Ø‡≥Å‡≤∞‡≥ã‡≤™‡≤ø‡≤® ‡≤∏‡≤æ‡≤Ç‡≤µ‡≤ø‡≤ß‡≤æ‡≤®‡≤ø‡≤ï ‡≤∞‡≤æ‡≤ú‡≤æ‡≤°‡≤≥‡≤ø‡≤§ ‡≤π‡≥ä‡≤Ç‡≤¶‡≤ø‡≤∞‡≥Å‡≤µ ‡≤¶‡≥á‡≤∂
http://www.w3.org/2000/01/rdf-schema#comment,ÏÑúÏú†ÎüΩÏùò Íµ≠Í∞Ä
http://www.w3.org/2000/01/rdf-schema#comment,Welatek√Æ Ewropay√™
http://www.w3.org/2000/01/rdf-schema#comment,civitas Europae
http://www.w3.org/2000/01/rdf-schema#comment,Staat an Westeuropa
http://www.w3.org/2000/01/rdf-schema#comment,p√†ize de l'Eor√∂pa
http://www.w3.org/2000/01/rdf-schema#comment,stat federel te l'Europa dl vest
http://www.w3.org/2000/01/rdf-schema#comment,Valsts EiropƒÅ
http://www.w3.org/2000/01/rdf-schema#comment,–∑–µ–º—ò–∞ –≤–æ –ï–≤—Ä–æ–ø–∞
http://www.w3.org/2000/01/rdf-schema#comment,‡¥µ‡¥ü‡¥ï‡µç‡¥ï‡µÅ‡¥™‡¥ü‡¥ø‡¥û‡µç‡¥û‡¥æ‡¥±‡µá ‡¥Ø‡µÇ‡¥±‡µã‡¥™‡µç‡¥™‡¥ø‡µΩ ‡¥â‡¥≥‡µç‡¥≥ ‡¥í‡¥∞‡µÅ ‡¥∞‡¥æ‡¥ú‡µç‡¥Ø‡¥Ç
http://www.w3.org/2000/01/rdf-schema#comment,‡§™‡§∂‡•ç‡§ö‡§ø‡§Æ ‡§Ø‡•Ç‡§∞‡§™‡§æ‡§§‡•Ä‡§≤ ‡§è‡§ï ‡§¶‡•á‡§∂
http://www.w3.org/2000/01/rdf-schema#comment,pajji≈º fl-Ewropa tal-Punent
http://www.w3.org/2000/01/rdf-schema#comment,·Ä°·Äî·Ä±·Ä¨·ÄÄ·Ä∫·Äô·Äº·Ä±·Ä¨·ÄÄ·Ä∫·Ä•·Äõ·Ä±·Ä¨·Äï·Äî·Ä≠·ÄØ·ÄÑ·Ä∫·ÄÑ·Ä∂
http://www.w3.org/2000/01/rdf-schema#comment,land i Europa
http://www.w3.org/2000/01/rdf-schema#comment,Staat in Mitteleuropa
http://www.w3.org/2000/01/rdf-schema#comment,‡§Ø‡•Å‡§∞‡•ã‡§™‡§ï‡•ã ‡§¶‡•á‡§∂
http://www.w3.org/2000/01/rdf-schema#comment,federale staat in West-Europa
http://www.w3.org/2000/01/rdf-schema#comment,‡®Ø‡©Ç‡®∞‡®™ '‡®ö ‡®¶‡©á‡®∏‡®º
http://www.w3.org/2000/01/rdf-schema#comment,pais na Oropa
http://www.w3.org/2000/01/rdf-schema#comment,pa≈Ñstwo w Europie
http://www.w3.org/2000/01/rdf-schema#comment,ŸÑ€ÅŸÜÿØÿß €åŸàÿ±Ÿæ ÿØÿß ÿß⁄© ÿØ€åÿ¥
http://www.w3.org/2000/01/rdf-schema#comment,pa√≠s da Europa
http://www.w3.org/2000/01/rdf-schema#comment,pa√≠s da Europa
http://www.w3.org/2000/01/rdf-schema#comment,them andre Europa
http://www.w3.org/2000/01/rdf-schema#comment,stat √Æn Europa de Vest
http://www.w3.org/2000/01/rdf-schema#comment,–≥–æ—Å—É–¥–∞—Ä—Å—Ç–≤–æ –≤ –ó–∞–ø–∞–¥–Ω–æ–π –ï–≤—Ä–æ–ø–µ
http://www.w3.org/2000/01/rdf-schema#comment,pa√¨si di l'Europa di punenti
http://www.w3.org/2000/01/rdf-schema#comment,ÿßŸàŸÑÿß⁄æŸäŸÜ ŸäŸàÿ±Ÿæ €æ ŸÖŸÑ⁄™
http://www.w3.org/2000/01/rdf-schema#comment,riika Eurohp√°s
http://www.w3.org/2000/01/rdf-schema#comment,≈°t√°t v Europe
http://www.w3.org/2000/01/rdf-schema#comment,–¥—Ä–∂–∞–≤–∞ —É –∑–∞–ø–∞–¥–Ω–æ—ò –ï–≤—Ä–æ–ø–∏
http://www.w3.org/2000/01/rdf-schema#comment,–¥—Ä–∂–∞–≤–∞ —É –∑–∞–ø–∞–¥–Ω–æ—ò –ï–≤—Ä–æ–ø–∏
http://www.w3.org/2000/01/rdf-schema#comment,dr≈æava u zapadnoj Evropi
http://www.w3.org/2000/01/rdf-schema#comment,konstitutionell monarki i V√§steuropa
http://www.w3.org/2000/01/rdf-schema#comment,nchi katika Ulaya Magharibi
http://www.w3.org/2000/01/rdf-schema#comment,pa≈Ñstwo we zachodnij Ojropie
http://www.w3.org/2000/01/rdf-schema#comment,‡ÆÆ‡Øá‡Æ±‡Øç‡Æï‡ØÅ ‡Æê‡Æ∞‡Øã‡Æ™‡Øç‡Æ™‡Æø‡ÆØ ‡Æ®‡Ææ‡Æü‡ØÅ
http://www.w3.org/2000/01/rdf-schema#comment,‡∞ê‡∞∞‡±ã‡∞™‡∞æ ‡∞≤‡±ã‡∞®‡∞ø ‡∞í‡∞ï ‡∞¶‡±á‡∞∂‡∞Ç
http://www.w3.org/2000/01/rdf-schema#comment,rai iha Europa
http://www.w3.org/2000/01/rdf-schema#comment,‡∏£‡∏≤‡∏ä‡∏≠‡∏≤‡∏ì‡∏≤‡∏à‡∏±‡∏Å‡∏£‡πÉ‡∏ô‡∏¢‡∏∏‡πÇ‡∏£‡∏õ‡∏ï‡∏∞‡∏ß‡∏±‡∏ô‡∏ï‡∏Å
http://www.w3.org/2000/01/rdf-schema#comment,ma lon ma Elopa
http://www.w3.org/2000/01/rdf-schema#comment,Batƒ± Avrupa'da bir √ºlke
http://www.w3.org/2000/01/rdf-schema#comment,–¥–µ—Ä–∂–∞–≤–∞ —É –ó–∞—Ö—ñ–¥–Ω—ñ–π –Ñ–≤—Ä–æ–ø—ñ
http://www.w3.org/2000/01/rdf-schema#comment,ŸÖÿ∫ÿ±ÿ®€å €åŸàÿ±Ÿæ ⁄©ÿß ÿß€å⁄© ŸÖŸÑ⁄©
http://www.w3.org/2000/01/rdf-schema#comment,Stato del Nord Eoropa
http://www.w3.org/2000/01/rdf-schema#comment,qu·ªëc gia c√≥ ch·ªß quy·ªÅn t·∫°i T√¢y √Çu
http://www.w3.org/2000/01/rdf-schema#comment,pays d'europe
http://www.w3.org/2000/01/rdf-schema#comment,payis di l' Urope do Co√ªtchant
http://www.w3.org/2000/01/rdf-schema#comment,Ë•øÊ≠êÂúãÂÆ∂
http://www.w3.org/2000/01/rdf-schema#comment,Ë•øÊ≠êÂúãÂÆ∂
http://www.w3.org/2000/01/rdf-schema#comment,Ë•øÊ¨ßÂõΩÂÆ∂
http://www.w3.org/2000/01/rdf-schema#comment,Ë•øÊ¨ßÂõΩÂÆ∂
http://www.w3.org/2000/01/rdf-schema#comment,Ë•øÊ≠êÂúãÂÆ∂
http://www.w3.org/2000/01/rdf-schema#comment,Ë•øÊ≠êÂúãÂÆ∂
http://www.w3.org/2000/01/rdf-schema#comment,Ë•øÊ≠êÂúãÂÆ∂
http://www.w3.org/2000/01/rdf-schema#comment,Ë•øÊ¨ßÂõΩÂÆ∂
http://www.w3.org/2000/01/rdf-schema#comment,Ë•øÊ¨ßÂõΩÂÆ∂
http://www.w3.org/2000/01/rdf-schema#comment,Ë•øÊ≠êÂúãÂÆ∂
http://www.w3.org/2000/01/rdf-schema#label,Belgi√´
http://www.w3.org/2000/01/rdf-schema#label,Belgium
http://www.w3.org/2000/01/rdf-schema#label,Belgique
http://www.w3.org/2000/01/rdf-schema#label,B√©lgica
http://www.w3.org/2000/01/rdf-schema#label,–ë–µ–ª—å–≥–∏—è
http://www.w3.org/2000/01/rdf-schema#label,Belgie
http://www.w3.org/2000/01/rdf-schema#label,Belgien
http://www.w3.org/2000/01/rdf-schema#label,Belgia
http://www.w3.org/2000/01/rdf-schema#label,„Éô„É´„ÇÆ„Éº
http://www.w3.org/2000/01/rdf-schema#label,Belgien
http://www.w3.org/2000/01/rdf-schema#label,Belgica
http://www.w3.org/2000/01/rdf-schema#label,–ë–µ–ª—å–≥–∏–∞
http://www.w3.org/2000/01/rdf-schema#label,B√®lgia
http://www.w3.org/2000/01/rdf-schema#label,–ë–µ–ª–≥–∏–µ
http://www.w3.org/2000/01/rdf-schema#label,ÿ®ŸÑÿ¨ŸäŸÉŸäÿß
http://www.w3.org/2000/01/rdf-schema#label,Belgi√´
http://www.w3.org/2000/01/rdf-schema#label,Belgium
http://www.w3.org/2000/01/rdf-schema#label,·â§·àç·åÖ·åç
http://www.w3.org/2000/01/rdf-schema#label,Belguim
http://www.w3.org/2000/01/rdf-schema#label,Belchica
http://www.w3.org/2000/01/rdf-schema#label,Belgice
http://www.w3.org/2000/01/rdf-schema#label,ÿ®ŸÑÿ¨ŸäŸÉÿß
http://www.w3.org/2000/01/rdf-schema#label,‹í‹†‹ì‹ù‹©‹ê
http://www.w3.org/2000/01/rdf-schema#label,ÿ®ŸÑÿ¨ŸäŸÉÿß
http://www.w3.org/2000/01/rdf-schema#label,ÿ®ŸÑÿ¨ŸäŸÉÿß
http://www.w3.org/2000/01/rdf-schema#label,‡¶¨‡ßá‡¶≤‡¶ú‡¶ø‡¶Ø‡¶º‡¶æ‡¶Æ
http://www.w3.org/2000/01/rdf-schema#label,B√©lxica
http://www.w3.org/2000/01/rdf-schema#label,–ë–µ–ª—å–≥–∏—è
http://www.w3.org/2000/01/rdf-schema#label,Belga
http://www.w3.org/2000/01/rdf-schema#label,‡§¨‡•á‡§≤‡•ç‡§ú‡§ø‡§Ø‡§Æ
http://www.w3.org/2000/01/rdf-schema#label,Bilkiya
http://www.w3.org/2000/01/rdf-schema#label,Bel√ßika
http://www.w3.org/2000/01/rdf-schema#label,ÿ®ŸÑ⁄ò€å⁄©
http://www.w3.org/2000/01/rdf-schema#label,–ë–µ–ª—å–≥–∏—è
http://www.w3.org/2000/01/rdf-schema#label,Belgia
http://www.w3.org/2000/01/rdf-schema#label,B√§igien
http://www.w3.org/2000/01/rdf-schema#label,Belhika
http://www.w3.org/2000/01/rdf-schema#label,–ë–µ–ª—å–≥—ñ—è
http://www.w3.org/2000/01/rdf-schema#label,–ë—ç–ª—å–≥—ñ—è
http://www.w3.org/2000/01/rdf-schema#label,–ë–µ–ª–≥–∏—è
http://www.w3.org/2000/01/rdf-schema#label,ÿ®ŸÑÿ¨€åŸÖ
http://www.w3.org/2000/01/rdf-schema#label,‡§¨‡•á‡§≤‡•ç‡§ú‡§ø‡§Ø‡§Æ
http://www.w3.org/2000/01/rdf-schema#label,Belgium
http://www.w3.org/2000/01/rdf-schema#label,B…õliziki
http://www.w3.org/2000/01/rdf-schema#label,‡¶¨‡ßá‡¶≤‡¶ú‡¶ø‡¶Ø‡¶º‡¶æ‡¶Æ
http://www.w3.org/2000/01/rdf-schema#label,‡Ωî‡Ω∫‡Ω¢‡ºã‡ΩÖ‡Ω≤‡Ωì‡ºç
http://www.w3.org/2000/01/rdf-schema#label,‡¶¨‡ßá‡¶≤‡¶ú‡¶ø‡¶Ø‡¶º‡¶æ‡¶Æ
http://www.w3.org/2000/01/rdf-schema#label,Belgia
http://www.w3.org/2000/01/rdf-schema#label,Belgija
http://www.w3.org/2000/01/rdf-schema#label,Belgia
http://www.w3.org/2000/01/rdf-schema#label,–ë–µ–ª—å–≥–∏
http://www.w3.org/2000/01/rdf-schema#label,B√®lgica
http://www.w3.org/2000/01/rdf-schema#label,B√©lgica
http://www.w3.org/2000/01/rdf-schema#label,Bƒ´-l√©-s√¨
http://www.w3.org/2000/01/rdf-schema#label,–ë–µ–ª—å–≥–∏
http://www.w3.org/2000/01/rdf-schema#label,Belhika
http://www.w3.org/2000/01/rdf-schema#label,Belgika
http://www.w3.org/2000/01/rdf-schema#label,·èá·éµ·è•·é•·éª
http://www.w3.org/2000/01/rdf-schema#label,ÿ®€ïŸÑÿ¨€å⁄©ÿß
http://www.w3.org/2000/01/rdf-schema#label,Belghju
http://www.w3.org/2000/01/rdf-schema#label,Bel√ßika
http://www.w3.org/2000/01/rdf-schema#label,Bel√ßika
http://www.w3.org/2000/01/rdf-schema#label,Belgijsk√¥
http://www.w3.org/2000/01/rdf-schema#label,–ë—î–ª–≥—ó—•
http://www.w3.org/2000/01/rdf-schema#label,–ë–µ–ª—å–≥–∏
http://www.w3.org/2000/01/rdf-schema#label,Gwlad Belg
http://www.w3.org/2000/01/rdf-schema#label,Belgien
http://www.w3.org/2000/01/rdf-schema#label,Belgium
http://www.w3.org/2000/01/rdf-schema#label,Belgien
http://www.w3.org/2000/01/rdf-schema#label,Belgien
http://www.w3.org/2000/01/rdf-schema#label,Bel√ßƒ±ka
http://www.w3.org/2000/01/rdf-schema#label,Belgiska
http://www.w3.org/2000/01/rdf-schema#label,‡§¨‡•á‡§≤‡•ç‡§ú‡§ø‡§Ø‡§Æ
http://www.w3.org/2000/01/rdf-schema#label,ﬁÑﬁ¨ﬁçﬁ∞ﬁñﬁ®ﬁáﬁ¶ﬁâﬁ∞
http://www.w3.org/2000/01/rdf-schema#label,‡Ωñ‡Ω∫‡Ω£‡ºã‡Ωá‡Ω≤‡Ω°‡Ωò
http://www.w3.org/2000/01/rdf-schema#label,Belgium
http://www.w3.org/2000/01/rdf-schema#label,ŒíŒ≠ŒªŒ≥ŒπŒø
http://www.w3.org/2000/01/rdf-schema#label,B√©lgi
http://www.w3.org/2000/01/rdf-schema#label,Belgium
http://www.w3.org/2000/01/rdf-schema#label,Belgium
http://www.w3.org/2000/01/rdf-schema#label,Belgium
http://www.w3.org/2000/01/rdf-schema#label,Belgio
http://www.w3.org/2000/01/rdf-schema#label,Belgia
http://www.w3.org/2000/01/rdf-schema#label,Belgika
http://www.w3.org/2000/01/rdf-schema#label,B√©lgica
http://www.w3.org/2000/01/rdf-schema#label,ÿ®ŸÑ⁄ò€å⁄©
http://www.w3.org/2000/01/rdf-schema#label,Beljik
http://www.w3.org/2000/01/rdf-schema#label,Belgia
http://www.w3.org/2000/01/rdf-schema#label,B√®lg¬∑ique
http://www.w3.org/2000/01/rdf-schema#label,Belgien
http://www.w3.org/2000/01/rdf-schema#label,Belgjo
http://www.w3.org/2000/01/rdf-schema#label,Belgje
http://www.w3.org/2000/01/rdf-schema#label,An Bheilg
http://www.w3.org/2000/01/rdf-schema#label,Belgiya
http://www.w3.org/2000/01/rdf-schema#label,B√®ljik
http://www.w3.org/2000/01/rdf-schema#label,A' Bheilg
http://www.w3.org/2000/01/rdf-schema#label,B√©lxica
http://www.w3.org/2000/01/rdf-schema#label,V√©yhika
http://www.w3.org/2000/01/rdf-schema#label,‡§¨‡•á‡§≤‡•ç‡§ú‡§ø‡§Ø‡§Æ
http://www.w3.org/2000/01/rdf-schema#label,‡§¨‡•á‡§≤‡•ç‡§ú‡§ø‡§Ø‡§Æ
http://www.w3.org/2000/01/rdf-schema#label,Belgium
http://www.w3.org/2000/01/rdf-schema#label,êå±êå∞êåπêåªêå≤êå∞êåªêå∞êåΩêå≥
http://www.w3.org/2000/01/rdf-schema#label,ŒíŒ≠ŒªŒ≥ŒπŒøŒΩ
http://www.w3.org/2000/01/rdf-schema#label,Belgie
http://www.w3.org/2000/01/rdf-schema#label,‡™¨‡´á‡™≤‡´ç‡™ú‡™ø‡™Ø‡™Æ
http://www.w3.org/2000/01/rdf-schema#label,Yn Velg
http://www.w3.org/2000/01/rdf-schema#label,Beljik
http://www.w3.org/2000/01/rdf-schema#label,P√≠-li-s·π≥ÃÄ
http://www.w3.org/2000/01/rdf-schema#label,Pelekiuma
http://www.w3.org/2000/01/rdf-schema#label,◊ë◊ú◊í◊ô◊î
http://www.w3.org/2000/01/rdf-schema#label,‡§¨‡•á‡§≤‡•ç‡§ú‡§ø‡§Ø‡§Æ
http://www.w3.org/2000/01/rdf-schema#label,Belgium
http://www.w3.org/2000/01/rdf-schema#label,Belgija
http://www.w3.org/2000/01/rdf-schema#label,Belgiska
http://www.w3.org/2000/01/rdf-schema#label,B√®ljik
http://www.w3.org/2000/01/rdf-schema#label,Belgium
http://www.w3.org/2000/01/rdf-schema#label,‘≤’•’¨’£’´’°
http://www.w3.org/2000/01/rdf-schema#label,’ä’•’¨’≥’´÷Ñ’°
http://www.w3.org/2000/01/rdf-schema#label,Belgica
http://www.w3.org/2000/01/rdf-schema#label,Belgia
http://www.w3.org/2000/01/rdf-schema#label,Belgia
http://www.w3.org/2000/01/rdf-schema#label,Belgium
http://www.w3.org/2000/01/rdf-schema#label,Belhika
http://www.w3.org/2000/01/rdf-schema#label,–ë–µ–ª—å–≥–∏
http://www.w3.org/2000/01/rdf-schema#label,Belgia
http://www.w3.org/2000/01/rdf-schema#label,Belg√≠a
http://www.w3.org/2000/01/rdf-schema#label,Belgio
http://www.w3.org/2000/01/rdf-schema#label,Beljiom
http://www.w3.org/2000/01/rdf-schema#label,beldjym
http://www.w3.org/2000/01/rdf-schema#label,B√©lgi√©
http://www.w3.org/2000/01/rdf-schema#label,·Éë·Éî·Éö·Éí·Éò·Éê
http://www.w3.org/2000/01/rdf-schema#label,Belgiya
http://www.w3.org/2000/01/rdf-schema#label,Biljik
http://www.w3.org/2000/01/rdf-schema#label,–ë–µ–ª–≥—ç
http://www.w3.org/2000/01/rdf-schema#label,P…õliziki
http://www.w3.org/2000/01/rdf-schema#label,B√©ljika
http://www.w3.org/2000/01/rdf-schema#label,Belezi
http://www.w3.org/2000/01/rdf-schema#label,–ë–µ–ª—å–≥–∏—è
http://www.w3.org/2000/01/rdf-schema#label,Belgia
http://www.w3.org/2000/01/rdf-schema#label,·ûî·üÇ·ûõ·ûü·üä·û∑·ûÄ
http://www.w3.org/2000/01/rdf-schema#label,‡≤¨‡≥Ü‡≤≤‡≥ç‡≤ú‡≤ø‡≤Ø‡≤Ç
http://www.w3.org/2000/01/rdf-schema#label,Î≤®Í∏∞Ïóê
http://www.w3.org/2000/01/rdf-schema#label,Î≤®ÏßÄÎÅÑ
http://www.w3.org/2000/01/rdf-schema#label,–ë–µ–ª–≥–∏—è
http://www.w3.org/2000/01/rdf-schema#label,–ë–µ–ª—å–≥–∏—è
http://www.w3.org/2000/01/rdf-schema#label,Belgien
http://www.w3.org/2000/01/rdf-schema#label,Bel√ß√Æka
http://www.w3.org/2000/01/rdf-schema#label,–ë–µ–ª—å–≥–∏—è
http://www.w3.org/2000/01/rdf-schema#label,Pow Belg
http://www.w3.org/2000/01/rdf-schema#label,–ë–µ–ª—å–≥–∏—è
http://www.w3.org/2000/01/rdf-schema#label,Beljika
http://www.w3.org/2000/01/rdf-schema#label,Belsch
http://www.w3.org/2000/01/rdf-schema#label,–ë–µ–ª—å–≥–∏—è
http://www.w3.org/2000/01/rdf-schema#label,Beljia
http://www.w3.org/2000/01/rdf-schema#label,Bubirigi
http://www.w3.org/2000/01/rdf-schema#label,Belsj
http://www.w3.org/2000/01/rdf-schema#label,B√®lgio
http://www.w3.org/2000/01/rdf-schema#label,Beƒºgij
http://www.w3.org/2000/01/rdf-schema#label,Belje
http://www.w3.org/2000/01/rdf-schema#label,Belgi
http://www.w3.org/2000/01/rdf-schema#label,B…õÃÅljika
http://www.w3.org/2000/01/rdf-schema#label,‡∫õ‡∫∞‡ªÄ‡∫ó‡∫î‡ªÅ‡∫ö‡∫ô‡∫ä‡∫¥‡∫Å
http://www.w3.org/2000/01/rdf-schema#label,ÿ®ŸÑÿ¨€å⁄©
http://www.w3.org/2000/01/rdf-schema#label,Belgija
http://www.w3.org/2000/01/rdf-schema#label,Beƒºgeja
http://www.w3.org/2000/01/rdf-schema#label,Beƒºƒ£ija
http://www.w3.org/2000/01/rdf-schema#label,ÊØîÂà©ÊôÇ
http://www.w3.org/2000/01/rdf-schema#label,Belgia
http://www.w3.org/2000/01/rdf-schema#label,‡§¨‡•á‡§≤‡•ç‡§ú‡§ø‡§Ø‡§Æ
http://www.w3.org/2000/01/rdf-schema#label,Belgia
http://www.w3.org/2000/01/rdf-schema#label,–ë–µ–ª—å–≥–∏—è
http://www.w3.org/2000/01/rdf-schema#label,Belzika
http://www.w3.org/2000/01/rdf-schema#label,–ë–µ–ª—å–≥–∏–π
http://www.w3.org/2000/01/rdf-schema#label,Pehiamu
http://www.w3.org/2000/01/rdf-schema#label,Belgia
http://www.w3.org/2000/01/rdf-schema#label,–ë–µ–ª–≥–∏—ò–∞
http://www.w3.org/2000/01/rdf-schema#label,‡¥¨‡µÜ‡µΩ‡¥ú‡¥ø‡¥Ø‡¥Ç
http://www.w3.org/2000/01/rdf-schema#label,–ë–µ–ª—å–≥–∏
http://www.w3.org/2000/01/rdf-schema#label,ÍØïÍØ¶ÍØúÍØñÍØ§ÍØåÍØù
http://www.w3.org/2000/01/rdf-schema#label,‡§¨‡•á‡§≤‡•ç‡§ú‡§ø‡§Ø‡§Æ
http://www.w3.org/2000/01/rdf-schema#label,Belgium
http://www.w3.org/2000/01/rdf-schema#label,Belƒ°ju
http://www.w3.org/2000/01/rdf-schema#label,B√©lgica
http://www.w3.org/2000/01/rdf-schema#label,·Äò·Äö·Ä∫·Äú·Ä∫·ÄÇ·Äª·ÄÆ·Äö·Äô·Ä∫·Äî·Ä≠·ÄØ·ÄÑ·Ä∫·ÄÑ·Ä∂
http://www.w3.org/2000/01/rdf-schema#label,–ë–µ–ª—å–≥–∏—è –ú–∞—Å—Ç–æ—Ä
http://www.w3.org/2000/01/rdf-schema#label,ÿ®ŸÑ⁄ò€å⁄©
http://www.w3.org/2000/01/rdf-schema#label,Berdjiyum
http://www.w3.org/2000/01/rdf-schema#label,Belgica
http://www.w3.org/2000/01/rdf-schema#label,PeÃçk-n√≠-gƒ´
http://www.w3.org/2000/01/rdf-schema#label,Belge
http://www.w3.org/2000/01/rdf-schema#label,Belgia
http://www.w3.org/2000/01/rdf-schema#label,Belgien
http://www.w3.org/2000/01/rdf-schema#label,Belgi√´
http://www.w3.org/2000/01/rdf-schema#label,‡§¨‡•á‡§≤‡•ç‡§ú‡§ø‡§Ø‡§Æ
http://www.w3.org/2000/01/rdf-schema#label,‡§¨‡•á‡§≤‡•ç‡§ú‡§ø‡§Ø‡§Æ
http://www.w3.org/2000/01/rdf-schema#label,Belgia
http://www.w3.org/2000/01/rdf-schema#label,Belgia
http://www.w3.org/2000/01/rdf-schema#label,Belgique
http://www.w3.org/2000/01/rdf-schema#label,Belgium
http://www.w3.org/2000/01/rdf-schema#label,T√°bƒÖƒÖh H√≥teelnii Bik√©yah
http://www.w3.org/2000/01/rdf-schema#label,Belgium
http://www.w3.org/2000/01/rdf-schema#label,Belgica
http://www.w3.org/2000/01/rdf-schema#label,Bel'gii
http://www.w3.org/2000/01/rdf-schema#label,Beeljiyeem
http://www.w3.org/2000/01/rdf-schema#label,‡¨¨‡≠á‡¨≤‡¨ú‡¨ø‡¨Ö‡¨Æ
http://www.w3.org/2000/01/rdf-schema#label,–ë–µ–ª—å–≥–∏
http://www.w3.org/2000/01/rdf-schema#label,‡®¨‡©à‡®≤‡®ú‡©Ä‡®Ö‡®Æ
http://www.w3.org/2000/01/rdf-schema#label,Belhika
http://www.w3.org/2000/01/rdf-schema#label,Belhika
http://www.w3.org/2000/01/rdf-schema#label,B√©lgika
http://www.w3.org/2000/01/rdf-schema#label,Bergike
http://www.w3.org/2000/01/rdf-schema#label,Belgien
http://www.w3.org/2000/01/rdf-schema#label,Belgje
http://www.w3.org/2000/01/rdf-schema#label,‡§¨‡•á‡§≤‡•ç‡§ú‡§ø‡§Ø‡§Æ
http://www.w3.org/2000/01/rdf-schema#label,Beljum
http://www.w3.org/2000/01/rdf-schema#label,Belgia
http://www.w3.org/2000/01/rdf-schema#label,Belgi
http://www.w3.org/2000/01/rdf-schema#label,ÿ®€åŸÑÿ¨€åÿ¶ŸÖ
http://www.w3.org/2000/01/rdf-schema#label,ŒíŒ≠ŒªŒ≥ŒπŒøŒΩ
http://www.w3.org/2000/01/rdf-schema#label,ÿ®ŸÑÿ¨€åŸÖ
http://www.w3.org/2000/01/rdf-schema#label,B√©lgica
http://www.w3.org/2000/01/rdf-schema#label,B√©lgica
http://www.w3.org/2000/01/rdf-schema#label,Bilhika
http://www.w3.org/2000/01/rdf-schema#label,Belgia
http://www.w3.org/2000/01/rdf-schema#label,Belgija
http://www.w3.org/2000/01/rdf-schema#label,Beljiya
http://www.w3.org/2000/01/rdf-schema#label,Ububirigi
http://www.w3.org/2000/01/rdf-schema#label,Belgia
http://www.w3.org/2000/01/rdf-schema#label,B√®lge
http://www.w3.org/2000/01/rdf-schema#label,–ë–µ–ª“ë—ñ—è
http://www.w3.org/2000/01/rdf-schema#label,Belghia
http://www.w3.org/2000/01/rdf-schema#label,Ububiligi
http://www.w3.org/2000/01/rdf-schema#label,‡§¨‡•á‡§≤‡•ç‡§ú‡§ø‡§Ø‡§Æ‡•ç
http://www.w3.org/2000/01/rdf-schema#label,–ë–µ–ª—å–≥–∏—è
http://www.w3.org/2000/01/rdf-schema#label,·±µ·±Æ·±û·±°·±§·±≠·±ö·±¢
http://www.w3.org/2000/01/rdf-schema#label,B√®lgiu
http://www.w3.org/2000/01/rdf-schema#label,Belgiu
http://www.w3.org/2000/01/rdf-schema#label,Belgium
http://www.w3.org/2000/01/rdf-schema#label,ÿ®ŸäŸÑÿ¨ŸäŸÖ
http://www.w3.org/2000/01/rdf-schema#label,Belgia
http://www.w3.org/2000/01/rdf-schema#label,B√™leze
http://www.w3.org/2000/01/rdf-schema#label,Belgƒójƒó
http://www.w3.org/2000/01/rdf-schema#label,Belgija
http://www.w3.org/2000/01/rdf-schema#label,Bljika
http://www.w3.org/2000/01/rdf-schema#label,·Äô·Ä≠·Ä∞·ÄÑ·Ä∫·Ä∏·Äï·ÇÑ·Çá·Åµ·Äª·ÄÆ·Çá·Äö·Äô·Ä∫·Çá
http://www.w3.org/2000/01/rdf-schema#label,‡∂∂‡∑ô‡∂Ω‡∑ä‡∂¢‡∑í‡∂∫‡∂∏
http://www.w3.org/2000/01/rdf-schema#label,Belgicko
http://www.w3.org/2000/01/rdf-schema#label,Belgija
http://www.w3.org/2000/01/rdf-schema#label,Peleseuma
http://www.w3.org/2000/01/rdf-schema#label,Belgia
http://www.w3.org/2000/01/rdf-schema#label,Belgia
http://www.w3.org/2000/01/rdf-schema#label,Belgia
http://www.w3.org/2000/01/rdf-schema#label,Belgium
http://www.w3.org/2000/01/rdf-schema#label,Beljim
http://www.w3.org/2000/01/rdf-schema#label,Belgjika
http://www.w3.org/2000/01/rdf-schema#label,–ë–µ–ª–≥–∏—ò–∞
http://www.w3.org/2000/01/rdf-schema#label,–ë–µ–ª–≥–∏—ò–∞
http://www.w3.org/2000/01/rdf-schema#label,Belgija
http://www.w3.org/2000/01/rdf-schema#label,Belgikondre
http://www.w3.org/2000/01/rdf-schema#label,IBhelijiyamu
http://www.w3.org/2000/01/rdf-schema#label,Belgien
http://www.w3.org/2000/01/rdf-schema#label,B√©lgia
http://www.w3.org/2000/01/rdf-schema#label,Ubelgiji
http://www.w3.org/2000/01/rdf-schema#label,Belgij≈è
http://www.w3.org/2000/01/rdf-schema#label,Belguim
http://www.w3.org/2000/01/rdf-schema#label,‡Æ™‡ØÜ‡Æ≤‡Øç‡Æú‡Æø‡ÆØ‡ÆÆ‡Øç
http://www.w3.org/2000/01/rdf-schema#label,Belguim
http://www.w3.org/2000/01/rdf-schema#label,‡∞¨‡±Ü‡∞≤‡±ç‡∞ú‡∞ø‡∞Ø‡∞Ç
http://www.w3.org/2000/01/rdf-schema#label,B√©ljika
http://www.w3.org/2000/01/rdf-schema#label,–ë–µ–ª–≥–∏—è
http://www.w3.org/2000/01/rdf-schema#label,‡∏õ‡∏£‡∏∞‡πÄ‡∏ó‡∏®‡πÄ‡∏ö‡∏•‡πÄ‡∏¢‡∏µ‡∏¢‡∏°
http://www.w3.org/2000/01/rdf-schema#label,Belgi√Ωa
http://www.w3.org/2000/01/rdf-schema#label,Belgium
http://www.w3.org/2000/01/rdf-schema#label,Pelesiume
http://www.w3.org/2000/01/rdf-schema#label,ma Pesije
http://www.w3.org/2000/01/rdf-schema#label,Beljiam
http://www.w3.org/2000/01/rdf-schema#label,Bel√ßika
http://www.w3.org/2000/01/rdf-schema#label,Belguim
http://www.w3.org/2000/01/rdf-schema#label,Belgium
http://www.w3.org/2000/01/rdf-schema#label,–ë–µ–ª—å–≥–∏—è
http://www.w3.org/2000/01/rdf-schema#label,Belgium
http://www.w3.org/2000/01/rdf-schema#label,Belgium
http://www.w3.org/2000/01/rdf-schema#label,Peretita
http://www.w3.org/2000/01/rdf-schema#label,–ë–µ–ª—å–≥–∏—è
http://www.w3.org/2000/01/rdf-schema#label,ÿ®€êŸÑ⁄ØŸâŸä€ï
http://www.w3.org/2000/01/rdf-schema#label,–ë–µ–ª—å–≥—ñ—è
http://www.w3.org/2000/01/rdf-schema#label,ÿ®€åŸÑÿ¨€åÿ¶ŸÖ
http://www.w3.org/2000/01/rdf-schema#label,Belgiya
http://www.w3.org/2000/01/rdf-schema#label,Belzo
http://www.w3.org/2000/01/rdf-schema#label,Bel'gii
http://www.w3.org/2000/01/rdf-schema#label,B·ªâ
http://www.w3.org/2000/01/rdf-schema#label,Belgi√´
http://www.w3.org/2000/01/rdf-schema#label,Belg√§n
http://www.w3.org/2000/01/rdf-schema#label,Belgi√§
http://www.w3.org/2000/01/rdf-schema#label,Beldjike
http://www.w3.org/2000/01/rdf-schema#label,Belhika
http://www.w3.org/2000/01/rdf-schema#label,Belsik
http://www.w3.org/2000/01/rdf-schema#label,ÊØîÂà©Êó∂
http://www.w3.org/2000/01/rdf-schema#label,–ë–µ–ª—å“ó–º—É–¥–∏–Ω –ù—É—Ç–≥
http://www.w3.org/2000/01/rdf-schema#label,·Éë·Éî·Éö·Éí·Éò·Éê
http://www.w3.org/2000/01/rdf-schema#label,◊ë◊¢◊ú◊í◊ô◊¢
http://www.w3.org/2000/01/rdf-schema#label,B·∫πÃÅlj√≠·ªçÃÄm
http://www.w3.org/2000/01/rdf-schema#label,ÊØîÂà©ÊôÇ
http://www.w3.org/2000/01/rdf-schema#label,Bijliswz
http://www.w3.org/2000/01/rdf-schema#label,Belhi√´
http://www.w3.org/2000/01/rdf-schema#label,ÊØîÂà©ÊôÇ
http://www.w3.org/2000/01/rdf-schema#label,ÊØîÂà©Êó∂
http://www.w3.org/2000/01/rdf-schema#label,ÊØîÂà©Êó∂
http://www.w3.org/2000/01/rdf-schema#label,ÊØîÂà©ÊôÇ
http://www.w3.org/2000/01/rdf-schema#label,ÊØîÂà©ÊôÇ
http://www.w3.org/2000/01/rdf-schema#label,ÊØîÂà©ÊôÇ
http://www.w3.org/2000/01/rdf-schema#label,ÊØîÂà©Êó∂
http://www.w3.org/2000/01/rdf-schema#label,ÊØîÂà©Êó∂
http://www.w3.org/2000/01/rdf-schema#label,ÊØîÂà©ÊôÇ
http://www.w3.org/2002/07/owl#sameAs,http://www.wikidata.org/entity/Q31
